pr,quantity,value,n,note
#116,editor reconfigurations per load (demo; 9 editors),"2 → 0 with fresh writing off, 2 → 1 with it on",10 and 5 loads,printed only; confirmed by the rerun's saved counts (rerun/reconfigure-*.csv)
#116,"one reconfiguration, to the next frame (demo)",5.35 ± 0.58 ms,30,printed only
#117,"keystroke dispatch, link dots off → on, run 1 (demo)",1.021 ± 0.377 → 0.988 ± 0.326 ms,300 each,printed only
#117,"keystroke dispatch, link dots off → on, run 2 (demo)",1.173 ± 0.781 → 1.170 ± 0.376 ms,300 each,printed only
#117,"marking links in reading view, per render (demo)",0.24 ± 0.09 ms,30,printed only
#108,wake-ups per graph in 10 refilters (author's vault),20 → 0,10 refilters,printed only
#108,distinct alphas after a replay (demo),63 (0.087–1),1,printed only
#109,global graph nodes after a reload (author's vault),"1,115 → 241",1,printed only
#113,tab left after 20 minutes (demo),drawn at 0.567 → full strength; 20.01 minutes counted,1,printed only
#123,"history flush(), demo history of 8 KB, round 1",2.40 ± 0.45 → 5.12 ± 1.13 ms,30 each,printed only; builds interleaved over two rounds
#123,"history flush(), demo history of 8 KB, round 2",4.84 ± 8.79 → 5.50 ± 3.86 ms,30 each,printed only; one outlier in the 'before' arm
#123,"one write against two, 95 KB payload, rounds 1 / 2",2.44 / 2.45 → 4.34 / 4.24 ms,30 each,printed only; the size of the author's history file
