quantity,build,published,where
"switch, in range, blocked",1.38.0,158.7 ± 8.8 ms,"1.39.0 release notes, #108"
"switch, in range, blocked",1.39.0,88.5 ± 8.1 ms,1.39.0 release notes
"switch, out of range, blocked",1.38.0,175.6 ± 5.9 ms,"1.39.0 release notes, #108"
"switch, out of range, blocked",1.39.0,109.6 ± 7.7 ms,1.39.0 release notes
"open, settled",1.38.0,not measured,"1.39.0 release notes compared 1.39.0 with Pulsar off"
"open, settled",1.39.0,6.21 ± 0.07 s,1.39.0 release notes
"open, settled",Pulsar off,32.34 ± 1.85 s,1.39.0 release notes
"timelapse at rest",1.38.0,0.41 ± 0.02 cores,"1.39.0 release notes, #108"
"timelapse at rest",1.39.0,0.08 ± 0.01 cores,"1.39.0 release notes, #108"
"editor reconfiguration, author's vault",1.38.0,one reconfiguration measured 51 ms,"1.40.0 release notes, #116"
"editor reconfiguration per load, fresh writing on",1.40.0,about 5 ms saved per load,#116
