label,purpose,build,round,at_utc,first_nodes,to_first_nodes_ms,node_counts_first_3s,settled_ms,blocked_first_10s_ms,blocked_ms
RR-open-138-1,timed,1.38.0,1,2026-10-08T02:49:08.189Z,20000,427.1,20000;4168,11975.6,5912,5912
RR-open-138-2,timed,1.38.0,2,2026-10-08T02:50:41.821Z,20000,380.7,20000;4168,10844.1,4892,4892
RR-open-138-3,timed,1.38.0,3,2026-10-08T02:54:06.448Z,20000,310.6,20000;4168,10501.3,4581,4581
RR-open-138-4,timed,1.38.0,4,2026-10-08T02:55:42.078Z,20000,406.6,20000;4168,11648.7,5701,5701
RR-open-138-5,timed,1.38.0,5,2026-10-08T02:57:19.219Z,20000,313.9,20000;4168,10774.6,5000,5000
RR-open-138-6,timed,1.38.0,6,2026-10-08T02:58:44.054Z,20000,327.4,20000;4168,9916.7,4049,4049
RR-open-139-1,timed,1.39.0,1,2026-10-08T02:49:52.736Z,4168,188.7,4168,6260.1,313,313
RR-open-139-2,timed,1.39.0,2,2026-10-08T02:51:18.901Z,4168,201.7,4168,6023.4,375,375
RR-open-139-3,timed,1.39.0,3,2026-10-08T02:52:47.054Z,4168,193.8,4168,6199.7,307,307
RR-open-139-4,timed,1.39.0,4,2026-10-08T02:56:26.424Z,4168,180.7,4168,6076,244,244
RR-open-139-5,timed,1.39.0,5,2026-10-08T02:57:56.966Z,4168,180.1,4168,6113.5,246,246
RR-open-139-6,timed,1.39.0,6,2026-10-08T02:59:16.576Z,4168,188.2,4168,6295.5,307,307
RR-open-140-1,timed,1.40.0,1,2026-10-08T02:50:20.914Z,4168,194.4,4168,6142.9,264,264
RR-open-140-2,timed,1.40.0,2,2026-10-08T02:51:46.648Z,4168,183.5,4168,6095.5,308,308
RR-open-140-3,timed,1.40.0,3,2026-10-08T02:53:15.323Z,4168,180.3,4168,5859.2,239,239
RR-open-140-4,timed,1.40.0,4,2026-10-08T02:54:46.440Z,4168,199.6,4168,6223.3,319,319
RR-open-140-5,timed,1.40.0,5,2026-10-08T02:58:24.389Z,4168,186.1,4168,6220.5,258,258
RR-open-140-6,timed,1.40.0,6,2026-10-08T02:59:43.485Z,4168,198.8,4168,6274.5,270,270
RR-open-off-1,timed,Pulsar off,1,2026-10-08T02:48:25.564Z,20000,516.8,20000,29443.6,5597,24751
RR-open-off-2,timed,Pulsar off,2,2026-10-08T02:51:55.644Z,20000,354,20000,28245.7,5078,22965
RR-open-off-3,timed,Pulsar off,3,2026-10-08T02:53:24.055Z,20000,347.6,20000,28211.1,5467,23253
RR-open-off-4,timed,Pulsar off,4,2026-10-08T02:54:55.631Z,20000,370.9,20000,31028.1,5332,25903
RR-open-off-5,timed,Pulsar off,5,2026-10-08T02:56:35.387Z,20000,313.1,20000,28683,5522,23814
RR-open-off-6,timed,Pulsar off,6,2026-10-08T02:59:52.703Z,20000,333,20000,38276.1,6454,34353
RR-swopen-138-1,before switches,1.38.0,1,,20000,318.2,20000;4168,10015.7,4067,4067
RR-swopen-138-2,before switches,1.38.0,2,,20000,345.5,20000;4168,9948.4,4116,4116
RR-swopen-138-3,before switches,1.38.0,3,,20000,330.1,20000;4168,10087.4,4137,4137
RR-swopen-139-1,before switches,1.39.0,1,,4168,212.2,4168,6380.5,308,308
RR-swopen-139-2,before switches,1.39.0,2,,4168,193.8,4168,6169.7,271,271
RR-swopen-139-3,before switches,1.39.0,3,,4168,174.1,4168,6131.3,249,249
RR-swopen-140-1,before switches,1.40.0,1,,4168,194.5,4168,6223,270,270
RR-swopen-140-2,before switches,1.40.0,2,,4168,185.5,4168,6506.7,277,277
RR-swopen-140-3,before switches,1.40.0,3,,4168,177.4,4168,6079.6,254,254
