label,build,mode,load,call,ms
RR-uo-first-138,1.38.0,defaults,1,1,5.8
RR-uo-first-138,1.38.0,defaults,1,2,5
RR-uo-first-138,1.38.0,defaults,2,1,4.8
RR-uo-first-138,1.38.0,defaults,2,2,4.9
RR-uo-first-138,1.38.0,defaults,3,1,4.9
RR-uo-first-138,1.38.0,defaults,3,2,5.2
RR-uo-first-138,1.38.0,defaults,4,1,3.6
RR-uo-first-138,1.38.0,defaults,4,2,4.5
RR-uo-first-138,1.38.0,defaults,5,1,3.8
RR-uo-first-138,1.38.0,defaults,5,2,3.9
RR-uo-first-138,1.38.0,defaults,6,1,4.5
RR-uo-first-138,1.38.0,defaults,6,2,5.2
RR-uo-first-138,1.38.0,defaults,7,1,3.3
RR-uo-first-138,1.38.0,defaults,7,2,4.5
RR-uo-first-138,1.38.0,defaults,8,1,4.6
RR-uo-first-138,1.38.0,defaults,8,2,4.9
RR-uo-first-138,1.38.0,defaults,9,1,5
RR-uo-first-138,1.38.0,defaults,9,2,3.9
RR-uo-first-138,1.38.0,defaults,10,1,4.2
RR-uo-first-138,1.38.0,defaults,10,2,5.1
RR-uo-first-139,1.39.0,defaults,1,1,5.1
RR-uo-first-139,1.39.0,defaults,1,2,5.1
RR-uo-first-139,1.39.0,defaults,2,1,4.3
RR-uo-first-139,1.39.0,defaults,2,2,4.7
RR-uo-first-139,1.39.0,defaults,3,1,4.2
RR-uo-first-139,1.39.0,defaults,3,2,5
RR-uo-first-139,1.39.0,defaults,4,1,3.5
RR-uo-first-139,1.39.0,defaults,4,2,4
RR-uo-first-139,1.39.0,defaults,5,1,3.7
RR-uo-first-139,1.39.0,defaults,5,2,4.2
RR-uo-first-139,1.39.0,defaults,6,1,4.3
RR-uo-first-139,1.39.0,defaults,6,2,4.4
RR-uo-first-139,1.39.0,defaults,7,1,3.6
RR-uo-first-139,1.39.0,defaults,7,2,3.9
RR-uo-first-139,1.39.0,defaults,8,1,3.7
RR-uo-first-139,1.39.0,defaults,8,2,5.2
RR-uo-first-139,1.39.0,defaults,9,1,4.8
RR-uo-first-139,1.39.0,defaults,9,2,4
RR-uo-first-139,1.39.0,defaults,10,1,3.3
RR-uo-first-139,1.39.0,defaults,10,2,4.7
RR-uo-own-138,1.38.0,fresh writing on,1,1,3.4
RR-uo-own-138,1.38.0,fresh writing on,1,2,4.3
RR-uo-own-138,1.38.0,fresh writing on,2,1,2.8
RR-uo-own-138,1.38.0,fresh writing on,2,2,3.3
RR-uo-own-138,1.38.0,fresh writing on,3,1,3.5
RR-uo-own-138,1.38.0,fresh writing on,3,2,4.3
RR-uo-own-138,1.38.0,fresh writing on,4,1,3.7
RR-uo-own-138,1.38.0,fresh writing on,4,2,4.8
RR-uo-own-138,1.38.0,fresh writing on,5,1,3.2
RR-uo-own-138,1.38.0,fresh writing on,5,2,3.7
RR-uo-own-138,1.38.0,fresh writing on,6,1,3.3
RR-uo-own-138,1.38.0,fresh writing on,6,2,3.7
RR-uo-own-138,1.38.0,fresh writing on,7,1,3.2
RR-uo-own-138,1.38.0,fresh writing on,7,2,3.6
RR-uo-own-138,1.38.0,fresh writing on,8,1,3
RR-uo-own-138,1.38.0,fresh writing on,8,2,4
RR-uo-own-138,1.38.0,fresh writing on,9,1,4
RR-uo-own-138,1.38.0,fresh writing on,9,2,3.8
RR-uo-own-138,1.38.0,fresh writing on,10,1,2.8
RR-uo-own-138,1.38.0,fresh writing on,10,2,3.6
RR-uo-own-139,1.39.0,fresh writing on,1,1,3.6
RR-uo-own-139,1.39.0,fresh writing on,1,2,4.5
RR-uo-own-139,1.39.0,fresh writing on,2,1,4
RR-uo-own-139,1.39.0,fresh writing on,2,2,4.4
RR-uo-own-139,1.39.0,fresh writing on,3,1,3.8
RR-uo-own-139,1.39.0,fresh writing on,3,2,4.2
RR-uo-own-139,1.39.0,fresh writing on,4,1,4.1
RR-uo-own-139,1.39.0,fresh writing on,4,2,4.6
RR-uo-own-139,1.39.0,fresh writing on,5,1,4.2
RR-uo-own-139,1.39.0,fresh writing on,5,2,4.9
RR-uo-own-139,1.39.0,fresh writing on,6,1,3.9
RR-uo-own-139,1.39.0,fresh writing on,6,2,4.7
RR-uo-own-139,1.39.0,fresh writing on,7,1,4.6
RR-uo-own-139,1.39.0,fresh writing on,7,2,4.6
RR-uo-own-139,1.39.0,fresh writing on,8,1,3.4
RR-uo-own-139,1.39.0,fresh writing on,8,2,4.3
RR-uo-own-139,1.39.0,fresh writing on,9,1,3.7
RR-uo-own-139,1.39.0,fresh writing on,9,2,5.5
RR-uo-own-139,1.39.0,fresh writing on,10,1,3.4
RR-uo-own-139,1.39.0,fresh writing on,10,2,4.1
RR-uo-own-140,1.40.0,fresh writing on,1,1,16.3
RR-uo-own-140,1.40.0,fresh writing on,2,1,15.2
RR-uo-own-140,1.40.0,fresh writing on,3,1,15.3
RR-uo-own-140,1.40.0,fresh writing on,4,1,12.3
RR-uo-own-140,1.40.0,fresh writing on,5,1,13.3
RR-uo-own-140,1.40.0,fresh writing on,6,1,14.2
RR-uo-own-140,1.40.0,fresh writing on,7,1,15.3
RR-uo-own-140,1.40.0,fresh writing on,8,1,17.8
RR-uo-own-140,1.40.0,fresh writing on,9,1,13.9
RR-uo-own-140,1.40.0,fresh writing on,10,1,13.8
