label,vault,test,build,round,variant,at_utc,main_sha256,enabled,loaded,focused,visible,minimized,window_w,window_h,display_hz,display_scale,on_battery,gpu_marked_active,gpu_adapters,cpu,threads,mem_free_gb,other_obsidian_cores,graphs_drawn
RR-smoke,demo,smoke,,0,,2026-10-08T02:47:55.643Z,827371f4e2bbd7ec93d2a388610b78b05a2e945dcb4399fc9cac99a8302c71b9,true,true,true,true,false,1552,879,59,1.25,false,false,3,AMD Ryzen 7 7735HS with Radeon Graphics,16,8.337,0.474,graph:57;localgraph:0
RR-open-off-1,bench,open,Pulsar off,1,,2026-10-08T02:48:25.564Z,f4ecc4cce80b0f327b5aebb9c494694d25d8abca160cb3f8e685ff930a55c867,true,false,true,true,false,1050,837,165,1.25,false,false,3,AMD Ryzen 7 7735HS with Radeon Graphics,16,7.777,0.726,graph:20000
RR-open-138-1,bench,open,1.38.0,1,,2026-10-08T02:49:08.189Z,f17fcba711f0077c452473802d02d0b589a21994cddf5f9e5775e2ef6183f79c,true,true,true,true,false,1050,837,165,1.25,false,false,3,AMD Ryzen 7 7735HS with Radeon Graphics,16,7.772,0.569,graph:20000
RR-open-139-1,bench,open,1.39.0,1,,2026-10-08T02:49:52.736Z,f4ecc4cce80b0f327b5aebb9c494694d25d8abca160cb3f8e685ff930a55c867,true,true,true,true,false,1050,837,165,1.25,false,false,3,AMD Ryzen 7 7735HS with Radeon Graphics,16,7.774,0.607,graph:4168
RR-open-140-1,bench,open,1.40.0,1,,2026-10-08T02:50:20.914Z,423f54bae83b9e470fa883ec691c310157a311a0b0c1085822485501cc1088ed,true,true,true,true,false,1050,837,165,1.25,false,false,3,AMD Ryzen 7 7735HS with Radeon Graphics,16,7.379,0.664,graph:4168
RR-open-138-2,bench,open,1.38.0,2,,2026-10-08T02:50:41.821Z,f17fcba711f0077c452473802d02d0b589a21994cddf5f9e5775e2ef6183f79c,true,true,true,true,false,1050,837,165,1.25,false,false,3,AMD Ryzen 7 7735HS with Radeon Graphics,16,7.254,0.663,graph:20000
RR-open-139-2,bench,open,1.39.0,2,,2026-10-08T02:51:18.901Z,f4ecc4cce80b0f327b5aebb9c494694d25d8abca160cb3f8e685ff930a55c867,true,true,true,true,false,1050,837,165,1.25,false,false,3,AMD Ryzen 7 7735HS with Radeon Graphics,16,7.56,0.593,graph:4168
RR-open-140-2,bench,open,1.40.0,2,,2026-10-08T02:51:46.648Z,423f54bae83b9e470fa883ec691c310157a311a0b0c1085822485501cc1088ed,true,true,true,true,false,1050,837,165,1.25,false,false,3,AMD Ryzen 7 7735HS with Radeon Graphics,16,7.651,0.626,graph:4168
RR-open-off-2,bench,open,Pulsar off,2,,2026-10-08T02:51:55.644Z,423f54bae83b9e470fa883ec691c310157a311a0b0c1085822485501cc1088ed,true,false,true,true,false,1050,837,165,1.25,false,false,3,AMD Ryzen 7 7735HS with Radeon Graphics,16,7.713,0.701,graph:20000
RR-open-139-3,bench,open,1.39.0,3,,2026-10-08T02:52:47.054Z,f4ecc4cce80b0f327b5aebb9c494694d25d8abca160cb3f8e685ff930a55c867,true,true,true,true,false,1050,837,165,1.25,false,false,3,AMD Ryzen 7 7735HS with Radeon Graphics,16,7.503,0.599,graph:4168
RR-open-140-3,bench,open,1.40.0,3,,2026-10-08T02:53:15.323Z,423f54bae83b9e470fa883ec691c310157a311a0b0c1085822485501cc1088ed,true,true,true,true,false,1050,837,165,1.25,false,false,3,AMD Ryzen 7 7735HS with Radeon Graphics,16,7.257,0.627,graph:4168
RR-open-off-3,bench,open,Pulsar off,3,,2026-10-08T02:53:24.055Z,423f54bae83b9e470fa883ec691c310157a311a0b0c1085822485501cc1088ed,true,false,true,true,false,1050,837,165,1.25,false,false,3,AMD Ryzen 7 7735HS with Radeon Graphics,16,7.176,0.726,graph:20000
RR-open-138-3,bench,open,1.38.0,3,,2026-10-08T02:54:06.448Z,f17fcba711f0077c452473802d02d0b589a21994cddf5f9e5775e2ef6183f79c,true,true,true,true,false,1050,837,165,1.25,false,false,3,AMD Ryzen 7 7735HS with Radeon Graphics,16,6.954,0.584,graph:20000
RR-open-140-4,bench,open,1.40.0,4,,2026-10-08T02:54:46.440Z,423f54bae83b9e470fa883ec691c310157a311a0b0c1085822485501cc1088ed,true,true,true,true,false,1050,837,165,1.25,false,false,3,AMD Ryzen 7 7735HS with Radeon Graphics,16,7.37,0.585,graph:4168
RR-open-off-4,bench,open,Pulsar off,4,,2026-10-08T02:54:55.631Z,423f54bae83b9e470fa883ec691c310157a311a0b0c1085822485501cc1088ed,true,false,true,true,false,1050,837,165,1.25,false,false,3,AMD Ryzen 7 7735HS with Radeon Graphics,16,7.483,0.699,graph:20000
RR-open-138-4,bench,open,1.38.0,4,,2026-10-08T02:55:42.078Z,f17fcba711f0077c452473802d02d0b589a21994cddf5f9e5775e2ef6183f79c,true,true,true,true,false,1050,837,165,1.25,false,false,3,AMD Ryzen 7 7735HS with Radeon Graphics,16,7.229,0.589,graph:20000
RR-open-139-4,bench,open,1.39.0,4,,2026-10-08T02:56:26.424Z,f4ecc4cce80b0f327b5aebb9c494694d25d8abca160cb3f8e685ff930a55c867,true,true,true,true,false,1050,837,165,1.25,false,false,3,AMD Ryzen 7 7735HS with Radeon Graphics,16,7.397,0.577,graph:4168
RR-open-off-5,bench,open,Pulsar off,5,,2026-10-08T02:56:35.387Z,f4ecc4cce80b0f327b5aebb9c494694d25d8abca160cb3f8e685ff930a55c867,true,false,true,true,false,1050,837,165,1.25,false,false,3,AMD Ryzen 7 7735HS with Radeon Graphics,16,7.27,0.727,graph:20000
RR-open-138-5,bench,open,1.38.0,5,,2026-10-08T02:57:19.219Z,f17fcba711f0077c452473802d02d0b589a21994cddf5f9e5775e2ef6183f79c,true,true,true,true,false,1050,837,165,1.25,false,false,3,AMD Ryzen 7 7735HS with Radeon Graphics,16,7.314,0.544,graph:20000
RR-open-139-5,bench,open,1.39.0,5,,2026-10-08T02:57:56.966Z,f4ecc4cce80b0f327b5aebb9c494694d25d8abca160cb3f8e685ff930a55c867,true,true,true,true,false,1050,837,165,1.25,false,false,3,AMD Ryzen 7 7735HS with Radeon Graphics,16,7.465,0.619,graph:4168
RR-open-140-5,bench,open,1.40.0,5,,2026-10-08T02:58:24.389Z,423f54bae83b9e470fa883ec691c310157a311a0b0c1085822485501cc1088ed,true,true,true,true,false,1050,837,165,1.25,false,false,3,AMD Ryzen 7 7735HS with Radeon Graphics,16,7.442,0.615,graph:4168
RR-open-138-6,bench,open,1.38.0,6,,2026-10-08T02:58:44.054Z,f17fcba711f0077c452473802d02d0b589a21994cddf5f9e5775e2ef6183f79c,true,true,true,true,false,1050,837,165,1.25,false,false,3,AMD Ryzen 7 7735HS with Radeon Graphics,16,7.41,0.635,graph:20000
RR-open-139-6,bench,open,1.39.0,6,,2026-10-08T02:59:16.576Z,f4ecc4cce80b0f327b5aebb9c494694d25d8abca160cb3f8e685ff930a55c867,true,true,true,true,false,1050,837,165,1.25,false,false,3,AMD Ryzen 7 7735HS with Radeon Graphics,16,7.446,0.604,graph:4168
RR-open-140-6,bench,open,1.40.0,6,,2026-10-08T02:59:43.485Z,423f54bae83b9e470fa883ec691c310157a311a0b0c1085822485501cc1088ed,true,true,true,true,false,1050,837,165,1.25,false,false,3,AMD Ryzen 7 7735HS with Radeon Graphics,16,7.407,0.65,graph:4168
RR-open-off-6,bench,open,Pulsar off,6,,2026-10-08T02:59:52.703Z,423f54bae83b9e470fa883ec691c310157a311a0b0c1085822485501cc1088ed,true,false,true,true,false,1050,837,165,1.25,false,false,3,AMD Ryzen 7 7735HS with Radeon Graphics,16,7.518,0.703,graph:20000
RR-sw-in-138-1,bench,sw,1.38.0,1,in,2026-10-08T03:01:13.164Z,f17fcba711f0077c452473802d02d0b589a21994cddf5f9e5775e2ef6183f79c,true,true,true,true,false,1050,837,165,1.25,false,false,3,AMD Ryzen 7 7735HS with Radeon Graphics,16,7.199,0.61,graph:4168
RR-sw-out-138-1,bench,sw,1.38.0,1,out,2026-10-08T03:01:42.556Z,f17fcba711f0077c452473802d02d0b589a21994cddf5f9e5775e2ef6183f79c,true,true,true,true,false,1050,837,165,1.25,false,false,3,AMD Ryzen 7 7735HS with Radeon Graphics,16,7.255,0.741,graph:4169
RR-sw-in-139-1,bench,sw,1.39.0,1,in,2026-10-08T03:02:33.161Z,f4ecc4cce80b0f327b5aebb9c494694d25d8abca160cb3f8e685ff930a55c867,true,true,true,true,false,1050,837,165,1.25,false,false,3,AMD Ryzen 7 7735HS with Radeon Graphics,16,7.359,0.669,graph:4168
RR-sw-out-139-1,bench,sw,1.39.0,1,out,2026-10-08T03:03:01.087Z,f4ecc4cce80b0f327b5aebb9c494694d25d8abca160cb3f8e685ff930a55c867,true,true,true,true,false,1050,837,165,1.25,false,false,3,AMD Ryzen 7 7735HS with Radeon Graphics,16,7.376,0.797,graph:4169
RR-sw-in-140-1,bench,sw,1.40.0,1,in,2026-10-08T03:03:50.719Z,423f54bae83b9e470fa883ec691c310157a311a0b0c1085822485501cc1088ed,true,true,true,true,false,1050,837,165,1.25,false,false,3,AMD Ryzen 7 7735HS with Radeon Graphics,16,7.375,0.671,graph:4168
RR-sw-out-140-1,bench,sw,1.40.0,1,out,2026-10-08T03:04:18.122Z,423f54bae83b9e470fa883ec691c310157a311a0b0c1085822485501cc1088ed,true,true,true,true,false,1050,837,165,1.25,false,false,3,AMD Ryzen 7 7735HS with Radeon Graphics,16,7.386,0.735,graph:4169
RR-sw-in-139-2,bench,sw,1.39.0,2,in,2026-10-08T03:05:10.481Z,f4ecc4cce80b0f327b5aebb9c494694d25d8abca160cb3f8e685ff930a55c867,true,true,true,true,false,1050,837,165,1.25,false,false,3,AMD Ryzen 7 7735HS with Radeon Graphics,16,7.108,0.686,graph:4168
RR-sw-out-139-2,bench,sw,1.39.0,2,out,2026-10-08T03:05:38.039Z,f4ecc4cce80b0f327b5aebb9c494694d25d8abca160cb3f8e685ff930a55c867,true,true,true,true,false,1050,837,165,1.25,false,false,3,AMD Ryzen 7 7735HS with Radeon Graphics,16,7.228,0.773,graph:4169
RR-sw-in-140-2,bench,sw,1.40.0,2,in,2026-10-08T03:06:27.917Z,423f54bae83b9e470fa883ec691c310157a311a0b0c1085822485501cc1088ed,true,true,true,true,false,1050,837,165,1.25,false,false,3,AMD Ryzen 7 7735HS with Radeon Graphics,16,7.185,0.671,graph:4168
RR-sw-out-140-2,bench,sw,1.40.0,2,out,2026-10-08T03:06:55.821Z,423f54bae83b9e470fa883ec691c310157a311a0b0c1085822485501cc1088ed,true,true,true,true,false,1050,837,165,1.25,false,false,3,AMD Ryzen 7 7735HS with Radeon Graphics,16,7.333,0.791,graph:4169
RR-sw-in-138-2,bench,sw,1.38.0,2,in,2026-10-08T03:07:48.319Z,f17fcba711f0077c452473802d02d0b589a21994cddf5f9e5775e2ef6183f79c,true,true,true,true,false,1050,837,165,1.25,false,false,3,AMD Ryzen 7 7735HS with Radeon Graphics,16,6.966,0.646,graph:4168
RR-sw-out-138-2,bench,sw,1.38.0,2,out,2026-10-08T03:08:17.406Z,f17fcba711f0077c452473802d02d0b589a21994cddf5f9e5775e2ef6183f79c,true,true,true,true,false,1050,837,165,1.25,false,false,3,AMD Ryzen 7 7735HS with Radeon Graphics,16,6.938,0.754,graph:4169
RR-sw-in-140-3,bench,sw,1.40.0,3,in,2026-10-08T03:09:09.359Z,423f54bae83b9e470fa883ec691c310157a311a0b0c1085822485501cc1088ed,true,true,true,true,false,1050,837,165,1.25,false,false,3,AMD Ryzen 7 7735HS with Radeon Graphics,16,6.886,0.667,graph:4168
RR-sw-out-140-3,bench,sw,1.40.0,3,out,2026-10-08T03:09:36.644Z,423f54bae83b9e470fa883ec691c310157a311a0b0c1085822485501cc1088ed,true,true,true,true,false,1050,837,165,1.25,false,false,3,AMD Ryzen 7 7735HS with Radeon Graphics,16,6.686,0.737,graph:4169
RR-sw-in-138-3,bench,sw,1.38.0,3,in,2026-10-08T03:10:28.321Z,f17fcba711f0077c452473802d02d0b589a21994cddf5f9e5775e2ef6183f79c,true,true,true,true,false,1050,837,165,1.25,false,false,3,AMD Ryzen 7 7735HS with Radeon Graphics,16,5.756,0.693,graph:4168
RR-sw-out-138-3,bench,sw,1.38.0,3,out,2026-10-08T03:10:58.212Z,f17fcba711f0077c452473802d02d0b589a21994cddf5f9e5775e2ef6183f79c,true,true,true,true,false,1050,837,165,1.25,false,false,3,AMD Ryzen 7 7735HS with Radeon Graphics,16,7.027,0.738,graph:4169
RR-sw-in-139-3,bench,sw,1.39.0,3,in,2026-10-08T03:11:47.967Z,f4ecc4cce80b0f327b5aebb9c494694d25d8abca160cb3f8e685ff930a55c867,true,true,true,true,false,1050,837,165,1.25,false,false,3,AMD Ryzen 7 7735HS with Radeon Graphics,16,6.937,0.669,graph:4168
RR-sw-out-139-3,bench,sw,1.39.0,3,out,2026-10-08T03:12:15.273Z,f4ecc4cce80b0f327b5aebb9c494694d25d8abca160cb3f8e685ff930a55c867,true,true,true,true,false,1050,837,165,1.25,false,false,3,AMD Ryzen 7 7735HS with Radeon Graphics,16,6.841,0.802,graph:4169
RR-tl-off-1,demo,tl,Pulsar off,1,,2026-10-08T03:13:24.629Z,827371f4e2bbd7ec93d2a388610b78b05a2e945dcb4399fc9cac99a8302c71b9,true,false,true,true,false,1552,879,59,1.25,false,false,3,AMD Ryzen 7 7735HS with Radeon Graphics,16,8.258,0.691,graph:112;localgraph:0
RR-tl-138-1,demo,tl,1.38.0,1,,2026-10-08T03:13:55.688Z,f17fcba711f0077c452473802d02d0b589a21994cddf5f9e5775e2ef6183f79c,true,true,true,true,false,1552,879,59,1.25,false,false,3,AMD Ryzen 7 7735HS with Radeon Graphics,16,8.267,0.892,graph:57;localgraph:0
RR-tl-139-1,demo,tl,1.39.0,1,,2026-10-08T03:14:26.830Z,f4ecc4cce80b0f327b5aebb9c494694d25d8abca160cb3f8e685ff930a55c867,true,true,true,true,false,1552,879,59,1.25,false,false,3,AMD Ryzen 7 7735HS with Radeon Graphics,16,8.267,0.674,graph:57;localgraph:0
RR-tl-140-1,demo,tl,1.40.0,1,,2026-10-08T03:14:57.923Z,423f54bae83b9e470fa883ec691c310157a311a0b0c1085822485501cc1088ed,true,true,true,true,false,1552,879,59,1.25,false,false,3,AMD Ryzen 7 7735HS with Radeon Graphics,16,8.224,0.656,graph:57;localgraph:0
RR-tl-140-2,demo,tl,1.40.0,2,,2026-10-08T03:15:29.035Z,423f54bae83b9e470fa883ec691c310157a311a0b0c1085822485501cc1088ed,true,true,true,true,false,1552,879,59,1.25,false,false,3,AMD Ryzen 7 7735HS with Radeon Graphics,16,8.238,0.688,graph:57;localgraph:0
RR-tl-139-2,demo,tl,1.39.0,2,,2026-10-08T03:16:00.099Z,f4ecc4cce80b0f327b5aebb9c494694d25d8abca160cb3f8e685ff930a55c867,true,true,true,true,false,1552,879,59,1.25,false,false,3,AMD Ryzen 7 7735HS with Radeon Graphics,16,8.252,0.652,graph:57;localgraph:0
RR-tl-138-2,demo,tl,1.38.0,2,,2026-10-08T03:16:31.172Z,f17fcba711f0077c452473802d02d0b589a21994cddf5f9e5775e2ef6183f79c,true,true,true,true,false,1552,879,59,1.25,false,false,3,AMD Ryzen 7 7735HS with Radeon Graphics,16,8.169,0.916,graph:57;localgraph:0
RR-tl-off-2,demo,tl,Pulsar off,2,,2026-10-08T03:16:56.687Z,f17fcba711f0077c452473802d02d0b589a21994cddf5f9e5775e2ef6183f79c,true,false,true,true,false,1552,879,59,1.25,false,false,3,AMD Ryzen 7 7735HS with Radeon Graphics,16,8.164,0.908,graph:112;localgraph:0
RR-uo-first-138,demo,uo,1.38.0,0,first,2026-10-08T03:17:23.654Z,f17fcba711f0077c452473802d02d0b589a21994cddf5f9e5775e2ef6183f79c,true,true,true,true,false,1552,879,59,1.25,false,false,3,AMD Ryzen 7 7735HS with Radeon Graphics,16,8.149,0.501,graph:112;localgraph:0
RR-uo-first-139,demo,uo,1.39.0,0,first,2026-10-08T03:17:47.873Z,f4ecc4cce80b0f327b5aebb9c494694d25d8abca160cb3f8e685ff930a55c867,true,true,true,true,false,1552,879,59,1.25,false,false,3,AMD Ryzen 7 7735HS with Radeon Graphics,16,8.164,0.764,graph:57;localgraph:0
RR-uo-first-140,demo,uo,1.40.0,0,first,2026-10-08T03:18:11.992Z,423f54bae83b9e470fa883ec691c310157a311a0b0c1085822485501cc1088ed,true,true,true,true,false,1552,879,59,1.25,false,false,3,AMD Ryzen 7 7735HS with Radeon Graphics,16,8.212,0.804,graph:57;localgraph:0
RR-uo-own-138,demo,uo,1.38.0,0,own,2026-10-08T03:18:35.977Z,f17fcba711f0077c452473802d02d0b589a21994cddf5f9e5775e2ef6183f79c,true,true,true,true,false,1552,879,59,1.25,false,false,3,AMD Ryzen 7 7735HS with Radeon Graphics,16,8.174,0.856,graph:112;localgraph:0
RR-uo-own-139,demo,uo,1.39.0,0,own,2026-10-08T03:18:58.797Z,f4ecc4cce80b0f327b5aebb9c494694d25d8abca160cb3f8e685ff930a55c867,true,true,true,true,false,1552,879,59,1.25,false,false,3,AMD Ryzen 7 7735HS with Radeon Graphics,16,8.228,0.765,graph:57;localgraph:0
RR-uo-own-140,demo,uo,1.40.0,0,own,2026-10-08T03:19:21.679Z,423f54bae83b9e470fa883ec691c310157a311a0b0c1085822485501cc1088ed,true,true,true,true,false,1552,879,59,1.25,false,false,3,AMD Ryzen 7 7735HS with Radeon Graphics,16,8.135,0.936,graph:57;localgraph:0
