label,warmup,build,pair,round,switch,nodes_drawn,refilters_per_switch,blocked_ms,second_frame_ms,first_frame_ms,sync_ms
RR-sw-in-138-1,false,1.38.0,in,1,1,4168,1,156,190.7,19.7,6.1
RR-sw-in-138-1,false,1.38.0,in,1,2,4168,1,133,161.9,15.3,5.9
RR-sw-in-138-1,false,1.38.0,in,1,3,4168,1,140,152.9,8.7,6.7
RR-sw-in-138-1,false,1.38.0,in,1,4,4168,1,142,152,5.5,5.3
RR-sw-in-138-1,false,1.38.0,in,1,5,4168,1,155,165.6,5.5,5.2
RR-sw-in-138-1,false,1.38.0,in,1,6,4168,1,136,148.7,8.1,6.1
RR-sw-in-138-1,false,1.38.0,in,1,7,4168,1,151,179.2,13.3,5.3
RR-sw-in-138-1,false,1.38.0,in,1,8,4168,1,165,200.9,19.6,6.6
RR-sw-in-138-1,false,1.38.0,in,1,9,4168,1,173,210.1,20.2,6.9
RR-sw-in-138-1,false,1.38.0,in,1,10,4168,1,133,159,11.9,4.5
RR-sw-in-138-1,false,1.38.0,in,1,11,4168,1,141,151.3,5.3,5.2
RR-sw-in-138-1,false,1.38.0,in,1,12,4168,1,141,149.4,4.6,4.4
RR-sw-in-138-1,false,1.38.0,in,1,13,4168,1,144,170,14.7,4.4
RR-sw-in-138-1,false,1.38.0,in,1,14,4168,1,150,159.5,5.1,4.9
RR-sw-in-138-1,false,1.38.0,in,1,15,4168,1,154,185.7,17,6.8
RR-sw-in-138-1,false,1.38.0,in,1,16,4168,1,135,145.2,4.4,4.1
RR-sw-in-138-1,false,1.38.0,in,1,17,4168,1,134,144.8,6.5,5.2
RR-sw-in-138-1,false,1.38.0,in,1,18,4168,1,130,139.2,4.4,4.2
RR-sw-in-138-1,false,1.38.0,in,1,19,4168,1,137,162.3,13.8,5.5
RR-sw-in-138-1,false,1.38.0,in,1,20,4168,1,134,144,5.9,5.8
RR-sw-in-138-2,false,1.38.0,in,2,1,4168,1,147,156.8,5.7,5.5
RR-sw-in-138-2,false,1.38.0,in,2,2,4168,1,142,151.5,5.4,5.3
RR-sw-in-138-2,false,1.38.0,in,2,3,4168,1,162,173.2,5.7,5.5
RR-sw-in-138-2,false,1.38.0,in,2,4,4168,1,142,160.6,149.8,5.2
RR-sw-in-138-2,false,1.38.0,in,2,5,4168,1,140,148.3,4.5,4.3
RR-sw-in-138-2,false,1.38.0,in,2,6,4168,1,134,144.4,5.5,5.3
RR-sw-in-138-2,false,1.38.0,in,2,7,4168,1,151,159,4.5,4.3
RR-sw-in-138-2,false,1.38.0,in,2,8,4168,1,142,150.3,4.8,4.6
RR-sw-in-138-2,false,1.38.0,in,2,9,4168,1,135,144.5,5.3,5.2
RR-sw-in-138-2,false,1.38.0,in,2,10,4168,1,156,164.8,4.9,4.8
RR-sw-in-138-2,false,1.38.0,in,2,11,4168,1,162,171.4,5.4,5.3
RR-sw-in-138-2,false,1.38.0,in,2,12,4168,1,138,147.3,5.3,5.1
RR-sw-in-138-2,false,1.38.0,in,2,13,4168,1,134,142.1,4.7,4.6
RR-sw-in-138-2,false,1.38.0,in,2,14,4168,1,164,173.5,5.4,5.3
RR-sw-in-138-2,false,1.38.0,in,2,15,4168,1,160,169.7,5.6,5.5
RR-sw-in-138-2,false,1.38.0,in,2,16,4168,1,137,146.5,5.3,5.2
RR-sw-in-138-2,false,1.38.0,in,2,17,4168,1,149,159.6,6.1,5.9
RR-sw-in-138-2,false,1.38.0,in,2,18,4168,1,163,172.7,5.9,5.7
RR-sw-in-138-2,false,1.38.0,in,2,19,4168,1,159,170.2,7,5.5
RR-sw-in-138-2,false,1.38.0,in,2,20,4168,1,153,163.1,5.8,5.7
RR-sw-in-138-3,false,1.38.0,in,3,1,4168,1,175,206.4,15.7,5.7
RR-sw-in-138-3,false,1.38.0,in,3,2,4168,1,147,154.8,4.5,4.3
RR-sw-in-138-3,false,1.38.0,in,3,3,4168,1,162,193.2,15.1,5.1
RR-sw-in-138-3,false,1.38.0,in,3,4,4168,1,169,199.2,17.7,5.1
RR-sw-in-138-3,false,1.38.0,in,3,5,4168,1,171,201.6,15.3,5.5
RR-sw-in-138-3,false,1.38.0,in,3,6,4168,1,155,185.1,17.1,5.8
RR-sw-in-138-3,false,1.38.0,in,3,7,4168,1,165,196.9,17.1,5.7
RR-sw-in-138-3,false,1.38.0,in,3,8,4168,1,147,174.1,15.4,5.3
RR-sw-in-138-3,false,1.38.0,in,3,9,4168,1,165,175,5.7,5.5
RR-sw-in-138-3,false,1.38.0,in,3,10,4168,1,155,166.3,6.2,6
RR-sw-in-138-3,false,1.38.0,in,3,11,4168,1,144,163.4,150.9,4.5
RR-sw-in-138-3,false,1.38.0,in,3,12,4168,1,149,158.1,5.3,5.1
RR-sw-in-138-3,false,1.38.0,in,3,13,4168,1,155,164,5.1,4.9
RR-sw-in-138-3,false,1.38.0,in,3,14,4168,1,164,173.7,5.2,5.1
RR-sw-in-138-3,false,1.38.0,in,3,15,4168,1,160,189.7,16.4,6
RR-sw-in-138-3,false,1.38.0,in,3,16,4168,1,155,186.1,15.5,6.4
RR-sw-in-138-3,false,1.38.0,in,3,17,4168,1,162,190.1,15.6,6.3
RR-sw-in-138-3,false,1.38.0,in,3,18,4168,1,144,175.9,18.1,6.7
RR-sw-in-138-3,false,1.38.0,in,3,19,4168,1,133,142.7,5.4,5.3
RR-sw-in-138-3,false,1.38.0,in,3,20,4168,1,143,151.9,4.8,4.6
RR-sw-in-139-1,false,1.39.0,in,1,1,4168,0,75,84.4,5.3,5.1
RR-sw-in-139-1,false,1.39.0,in,1,2,4168,0,76,85.7,6.4,6.2
RR-sw-in-139-1,false,1.39.0,in,1,3,4168,0,76,84.9,4.8,4.7
RR-sw-in-139-1,false,1.39.0,in,1,4,4168,0,78,87.3,5.6,5.5
RR-sw-in-139-1,false,1.39.0,in,1,5,4168,0,82,91.4,5.7,5.6
RR-sw-in-139-1,false,1.39.0,in,1,6,4168,0,74,100.4,13.8,4.8
RR-sw-in-139-1,false,1.39.0,in,1,7,4168,0,80,110.4,16.4,6.9
RR-sw-in-139-1,false,1.39.0,in,1,8,4168,0,89,123.1,19.6,6.1
RR-sw-in-139-1,false,1.39.0,in,1,9,4168,0,81,110.4,15.9,5.7
RR-sw-in-139-1,false,1.39.0,in,1,10,4168,0,83,111.9,16,6.1
RR-sw-in-139-1,false,1.39.0,in,1,11,4168,0,76,86.4,5.9,4.5
RR-sw-in-139-1,false,1.39.0,in,1,12,4168,0,82,93,6.7,6.5
RR-sw-in-139-1,false,1.39.0,in,1,13,4168,0,84,94.6,5.5,5.4
RR-sw-in-139-1,false,1.39.0,in,1,14,4168,0,85,118.7,16.3,6.1
RR-sw-in-139-1,false,1.39.0,in,1,15,4168,0,71,79.8,4.6,4.5
RR-sw-in-139-1,false,1.39.0,in,1,16,4168,0,81,90.3,4.9,4.7
RR-sw-in-139-1,false,1.39.0,in,1,17,4168,0,89,97.5,5,5
RR-sw-in-139-1,false,1.39.0,in,1,18,4168,0,93,103.9,7.2,7.1
RR-sw-in-139-1,false,1.39.0,in,1,19,4168,0,79,88,4.9,4.7
RR-sw-in-139-1,false,1.39.0,in,1,20,4168,0,82,92.3,5.4,5.3
RR-sw-in-139-2,false,1.39.0,in,2,1,4168,0,81,90.2,4.9,4.7
RR-sw-in-139-2,false,1.39.0,in,2,2,4168,0,83,92.1,5.5,5.4
RR-sw-in-139-2,false,1.39.0,in,2,3,4168,0,96,107.1,6.1,6.1
RR-sw-in-139-2,false,1.39.0,in,2,4,4168,0,88,98.2,6.5,6.3
RR-sw-in-139-2,false,1.39.0,in,2,5,4168,0,91,121.1,16,5.9
RR-sw-in-139-2,false,1.39.0,in,2,6,4168,0,78,100.6,85,5.4
RR-sw-in-139-2,false,1.39.0,in,2,7,4168,0,75,84.5,5.6,5.4
RR-sw-in-139-2,false,1.39.0,in,2,8,4168,0,79,89.3,5.3,5.1
RR-sw-in-139-2,false,1.39.0,in,2,9,4168,0,80,89.2,5.5,5.4
RR-sw-in-139-2,false,1.39.0,in,2,10,4168,0,86,95.4,4.7,4.6
RR-sw-in-139-2,false,1.39.0,in,2,11,4168,0,78,87.6,5.1,4.8
RR-sw-in-139-2,false,1.39.0,in,2,12,4168,0,91,119.5,16,5.5
RR-sw-in-139-2,false,1.39.0,in,2,13,4168,0,96,106.3,5.7,5.6
RR-sw-in-139-2,false,1.39.0,in,2,14,4168,0,80,108.3,14.7,5.8
RR-sw-in-139-2,false,1.39.0,in,2,15,4168,0,75,86,7.6,7.4
RR-sw-in-139-2,false,1.39.0,in,2,16,4168,0,75,84.6,4.7,4.5
RR-sw-in-139-2,false,1.39.0,in,2,17,4168,0,79,89,5.5,5.4
RR-sw-in-139-2,false,1.39.0,in,2,18,4168,0,72,101.7,15.2,5.6
RR-sw-in-139-2,false,1.39.0,in,2,19,4168,0,82,93.2,6.6,6.5
RR-sw-in-139-2,false,1.39.0,in,2,20,4168,0,82,94.8,8.2,6.7
RR-sw-in-139-3,false,1.39.0,in,3,1,4168,0,70,79.5,5.7,5.5
RR-sw-in-139-3,false,1.39.0,in,3,2,4168,0,71,79.5,5.3,5.2
RR-sw-in-139-3,false,1.39.0,in,3,3,4168,0,75,83.7,5.4,5.3
RR-sw-in-139-3,false,1.39.0,in,3,4,4168,0,69,78.8,5.7,5.5
RR-sw-in-139-3,false,1.39.0,in,3,5,4168,0,71,80.3,5.3,5.2
RR-sw-in-139-3,false,1.39.0,in,3,6,4168,0,70,79,4.9,4.8
RR-sw-in-139-3,false,1.39.0,in,3,7,4168,0,83,93.9,6,5.8
RR-sw-in-139-3,false,1.39.0,in,3,8,4168,0,74,85.4,6.5,6.4
RR-sw-in-139-3,false,1.39.0,in,3,9,4168,0,72,80.1,4.7,4.5
RR-sw-in-139-3,false,1.39.0,in,3,10,4168,0,73,81.6,5.1,5
RR-sw-in-139-3,false,1.39.0,in,3,11,4168,0,71,79.7,4.8,4.7
RR-sw-in-139-3,false,1.39.0,in,3,12,4168,0,71,79.7,5.2,5
RR-sw-in-139-3,false,1.39.0,in,3,13,4168,0,68,79.3,7.3,7.1
RR-sw-in-139-3,false,1.39.0,in,3,14,4168,0,70,79.1,5.5,5.4
RR-sw-in-139-3,false,1.39.0,in,3,15,4168,0,78,87.8,5.6,5.5
RR-sw-in-139-3,false,1.39.0,in,3,16,4168,0,68,77.4,5.1,4.9
RR-sw-in-139-3,false,1.39.0,in,3,17,4168,0,69,78,6,5.8
RR-sw-in-139-3,false,1.39.0,in,3,18,4168,0,71,80.6,5.1,4.9
RR-sw-in-139-3,false,1.39.0,in,3,19,4168,0,75,83.8,4.6,4.4
RR-sw-in-139-3,false,1.39.0,in,3,20,4168,0,69,79.3,5.7,5.5
RR-sw-in-140-1,false,1.40.0,in,1,1,4168,0,75,83.8,5,4.9
RR-sw-in-140-1,false,1.40.0,in,1,2,4168,0,77,86.7,6.1,5.9
RR-sw-in-140-1,false,1.40.0,in,1,3,4168,0,72,81.4,5.4,5.4
RR-sw-in-140-1,false,1.40.0,in,1,4,4168,0,71,80.6,5.6,5.4
RR-sw-in-140-1,false,1.40.0,in,1,5,4168,0,75,83.4,4.6,4.5
RR-sw-in-140-1,false,1.40.0,in,1,6,4168,0,70,78.3,4.5,4.3
RR-sw-in-140-1,false,1.40.0,in,1,7,4168,0,78,87.5,5.5,5.4
RR-sw-in-140-1,false,1.40.0,in,1,8,4168,0,83,118.2,16.8,5.8
RR-sw-in-140-1,false,1.40.0,in,1,9,4168,0,74,82.3,4.8,4.6
RR-sw-in-140-1,false,1.40.0,in,1,10,4168,0,81,91.5,5.2,5
RR-sw-in-140-1,false,1.40.0,in,1,11,4168,0,66,75.7,5.4,5.3
RR-sw-in-140-1,false,1.40.0,in,1,12,4168,0,76,98.2,83.5,5.6
RR-sw-in-140-1,false,1.40.0,in,1,13,4168,0,73,81.6,5.3,5.2
RR-sw-in-140-1,false,1.40.0,in,1,14,4168,0,71,79.7,5.2,5
RR-sw-in-140-1,false,1.40.0,in,1,15,4168,0,79,87.9,5.4,5.3
RR-sw-in-140-1,false,1.40.0,in,1,16,4168,0,78,112.1,17.2,5.7
RR-sw-in-140-1,false,1.40.0,in,1,17,4168,0,68,76.2,4.8,4.7
RR-sw-in-140-1,false,1.40.0,in,1,18,4168,0,68,76.5,4.8,4.7
RR-sw-in-140-1,false,1.40.0,in,1,19,4168,0,68,78.2,4.3,4.1
RR-sw-in-140-1,false,1.40.0,in,1,20,4168,0,71,80.5,5.3,5.2
RR-sw-in-140-2,false,1.40.0,in,2,1,4168,0,75,101.7,13.5,5.2
RR-sw-in-140-2,false,1.40.0,in,2,2,4168,0,84,95.8,7.1,5.5
RR-sw-in-140-2,false,1.40.0,in,2,3,4168,0,79,104.8,13.3,5.1
RR-sw-in-140-2,false,1.40.0,in,2,4,4168,0,75,85.5,6.2,4.6
RR-sw-in-140-2,false,1.40.0,in,2,5,4168,0,68,77.5,6,4.6
RR-sw-in-140-2,false,1.40.0,in,2,6,4168,0,82,114.6,16.8,5.6
RR-sw-in-140-2,false,1.40.0,in,2,7,4168,0,89,121,17.3,5.5
RR-sw-in-140-2,false,1.40.0,in,2,8,4168,0,71,81.9,6.3,5.1
RR-sw-in-140-2,false,1.40.0,in,2,9,4168,0,86,117.5,17,5.1
RR-sw-in-140-2,false,1.40.0,in,2,10,4168,0,69,96,12.9,4.8
RR-sw-in-140-2,false,1.40.0,in,2,11,4168,0,71,81.7,6.3,5.1
RR-sw-in-140-2,false,1.40.0,in,2,12,4168,0,74,99.5,14.6,5.5
RR-sw-in-140-2,false,1.40.0,in,2,13,4168,0,71,102.1,19.3,5.6
RR-sw-in-140-2,false,1.40.0,in,2,14,4168,0,92,133.5,22.1,7.4
RR-sw-in-140-2,false,1.40.0,in,2,15,4168,0,84,113.4,16.3,5.7
RR-sw-in-140-2,false,1.40.0,in,2,16,4168,0,84,116.1,17.6,5.7
RR-sw-in-140-2,false,1.40.0,in,2,17,4168,0,86,120.2,18.4,5.4
RR-sw-in-140-2,false,1.40.0,in,2,18,4168,0,81,115.4,18.3,4.9
RR-sw-in-140-2,false,1.40.0,in,2,19,4168,0,71,80.3,6.2,6
RR-sw-in-140-2,false,1.40.0,in,2,20,4168,0,85,120.2,16.4,5.1
RR-sw-in-140-3,false,1.40.0,in,3,1,4168,0,82,91.5,5.3,5.2
RR-sw-in-140-3,false,1.40.0,in,3,2,4168,0,77,87.5,6.1,5.9
RR-sw-in-140-3,false,1.40.0,in,3,3,4168,0,83,91.2,4.8,4.7
RR-sw-in-140-3,false,1.40.0,in,3,4,4168,0,71,79.9,5.7,5.6
RR-sw-in-140-3,false,1.40.0,in,3,5,4168,0,81,89.2,4.5,4.4
RR-sw-in-140-3,false,1.40.0,in,3,6,4168,0,68,76.5,4.9,4.8
RR-sw-in-140-3,false,1.40.0,in,3,7,4168,0,71,78.8,4.9,4.8
RR-sw-in-140-3,false,1.40.0,in,3,8,4168,0,72,82.1,4.9,4.8
RR-sw-in-140-3,false,1.40.0,in,3,9,4168,0,77,85.4,4.8,4.8
RR-sw-in-140-3,false,1.40.0,in,3,10,4168,0,75,84.7,5.6,5.4
RR-sw-in-140-3,false,1.40.0,in,3,11,4168,0,68,76.4,4.9,4.8
RR-sw-in-140-3,false,1.40.0,in,3,12,4168,0,67,75.1,4.7,4.6
RR-sw-in-140-3,false,1.40.0,in,3,13,4168,0,70,78.4,5,4.9
RR-sw-in-140-3,false,1.40.0,in,3,14,4168,0,71,80.8,5.7,5.5
RR-sw-in-140-3,false,1.40.0,in,3,15,4168,0,70,78.9,5.3,5.2
RR-sw-in-140-3,false,1.40.0,in,3,16,4168,0,67,75.4,4.5,4.4
RR-sw-in-140-3,false,1.40.0,in,3,17,4168,0,83,93.4,6.5,6.3
RR-sw-in-140-3,false,1.40.0,in,3,18,4168,0,75,85.6,6.5,6.3
RR-sw-in-140-3,false,1.40.0,in,3,19,4168,0,72,80.7,4.7,4.5
RR-sw-in-140-3,false,1.40.0,in,3,20,4168,0,67,75.4,4.9,4.8
RR-sw-out-138-1,false,1.38.0,out,1,1,4169,1,161,215.9,20,7.2
RR-sw-out-138-1,false,1.38.0,out,1,2,4169,1,157,207.2,19.6,5.1
RR-sw-out-138-1,false,1.38.0,out,1,3,4169,1,148,195.2,16.9,5.5
RR-sw-out-138-1,false,1.38.0,out,1,4,4169,1,147,195.1,15.3,5.2
RR-sw-out-138-1,false,1.38.0,out,1,5,4169,1,153,202.4,16.7,5.6
RR-sw-out-138-1,false,1.38.0,out,1,6,4169,1,151,198.9,16.3,5.5
RR-sw-out-138-1,false,1.38.0,out,1,7,4169,1,153,200.6,15.2,5.3
RR-sw-out-138-1,false,1.38.0,out,1,8,4169,1,135,182.4,18.6,5.1
RR-sw-out-138-1,false,1.38.0,out,1,9,4169,1,147,198.5,17.9,6.5
RR-sw-out-138-1,false,1.38.0,out,1,10,4169,1,164,216.9,18.9,5.2
RR-sw-out-138-1,false,1.38.0,out,1,11,4169,1,166,219,18.7,5.1
RR-sw-out-138-1,false,1.38.0,out,1,12,4169,1,158,211,19.6,5.5
RR-sw-out-138-1,false,1.38.0,out,1,13,4169,1,149,195.9,16.1,5.5
RR-sw-out-138-1,false,1.38.0,out,1,14,4169,1,143,188,14.9,4.7
RR-sw-out-138-1,false,1.38.0,out,1,15,4169,1,151,200.6,16.6,4.8
RR-sw-out-138-1,false,1.38.0,out,1,16,4169,1,162,208,15.7,5.1
RR-sw-out-138-1,false,1.38.0,out,1,17,4169,1,139,187.2,17.9,4.4
RR-sw-out-138-1,false,1.38.0,out,1,18,4169,1,152,198.9,13.5,4.7
RR-sw-out-138-1,false,1.38.0,out,1,19,4169,1,167,219.6,18.8,5.8
RR-sw-out-138-1,false,1.38.0,out,1,20,4169,1,162,214,17.9,5
RR-sw-out-138-2,false,1.38.0,out,2,1,4169,1,157,204.6,15.7,6.7
RR-sw-out-138-2,false,1.38.0,out,2,2,4169,1,164,210.7,16.6,5.7
RR-sw-out-138-2,false,1.38.0,out,2,3,4169,1,160,205.6,16.9,5.8
RR-sw-out-138-2,false,1.38.0,out,2,4,4169,1,161,208.6,13,4.7
RR-sw-out-138-2,false,1.38.0,out,2,5,4169,1,150,197.2,18.6,5
RR-sw-out-138-2,false,1.38.0,out,2,6,4169,1,149,194.2,16.7,4.8
RR-sw-out-138-2,false,1.38.0,out,2,7,4169,1,147,189,17.7,5.2
RR-sw-out-138-2,false,1.38.0,out,2,8,4169,1,159,203.7,14.8,5.2
RR-sw-out-138-2,false,1.38.0,out,2,9,4169,1,168,216.3,17.2,5.9
RR-sw-out-138-2,false,1.38.0,out,2,10,4169,1,150,198,17.8,5.6
RR-sw-out-138-2,false,1.38.0,out,2,11,4169,1,154,197.8,16.2,4.6
RR-sw-out-138-2,false,1.38.0,out,2,12,4169,1,162,211.8,16.5,6.3
RR-sw-out-138-2,false,1.38.0,out,2,13,4169,1,170,220.8,18.6,5.6
RR-sw-out-138-2,false,1.38.0,out,2,14,4169,1,180,231.6,19.5,6.6
RR-sw-out-138-2,false,1.38.0,out,2,15,4169,1,181,232.2,19.2,5.4
RR-sw-out-138-2,false,1.38.0,out,2,16,4169,1,169,215.9,17.4,6.2
RR-sw-out-138-2,false,1.38.0,out,2,17,4169,1,175,223.4,15.9,5.4
RR-sw-out-138-2,false,1.38.0,out,2,18,4169,1,158,201.9,15.3,4.4
RR-sw-out-138-2,false,1.38.0,out,2,19,4169,1,151,211.8,18.9,5.1
RR-sw-out-138-2,false,1.38.0,out,2,20,4169,1,150,194.4,16.4,4.9
RR-sw-out-138-3,false,1.38.0,out,3,1,4169,1,152,198.2,17.8,4.6
RR-sw-out-138-3,false,1.38.0,out,3,2,4169,1,149,194.4,16.6,5.4
RR-sw-out-138-3,false,1.38.0,out,3,3,4169,1,154,203.4,18.6,6.9
RR-sw-out-138-3,false,1.38.0,out,3,4,4169,1,168,214.7,15.6,4.9
RR-sw-out-138-3,false,1.38.0,out,3,5,4169,1,181,232,16.6,5.4
RR-sw-out-138-3,false,1.38.0,out,3,6,4169,1,170,221.6,17.3,5.1
RR-sw-out-138-3,false,1.38.0,out,3,7,4169,1,151,197.6,17.9,5.9
RR-sw-out-138-3,false,1.38.0,out,3,8,4169,1,154,198.8,14.7,5.1
RR-sw-out-138-3,false,1.38.0,out,3,9,4169,1,152,196.7,17.1,5.2
RR-sw-out-138-3,false,1.38.0,out,3,10,4169,1,153,201.5,17.8,6.4
RR-sw-out-138-3,false,1.38.0,out,3,11,4169,1,171,220.7,17.7,6.3
RR-sw-out-138-3,false,1.38.0,out,3,12,4169,1,155,199.9,14.7,4.8
RR-sw-out-138-3,false,1.38.0,out,3,13,4169,1,147,192.1,18.6,4.6
RR-sw-out-138-3,false,1.38.0,out,3,14,4169,1,160,205.1,16.9,5.4
RR-sw-out-138-3,false,1.38.0,out,3,15,4169,1,155,202.9,15.9,5.4
RR-sw-out-138-3,false,1.38.0,out,3,16,4169,1,156,203.8,17.8,5.2
RR-sw-out-138-3,false,1.38.0,out,3,17,4169,1,153,200.8,17.6,4.7
RR-sw-out-138-3,false,1.38.0,out,3,18,4169,1,164,213.4,18.7,6.1
RR-sw-out-138-3,false,1.38.0,out,3,19,4169,1,150,201.5,20.7,5.6
RR-sw-out-138-3,false,1.38.0,out,3,20,4169,1,156,207.1,18.6,5.5
RR-sw-out-139-1,false,1.39.0,out,1,1,4169,1,115,162.4,17.1,5.8
RR-sw-out-139-1,false,1.39.0,out,1,2,4169,1,118,168.4,20,5.8
RR-sw-out-139-1,false,1.39.0,out,1,3,4169,1,117,163.9,17.7,5.3
RR-sw-out-139-1,false,1.39.0,out,1,4,4169,1,119,166.8,17,5.5
RR-sw-out-139-1,false,1.39.0,out,1,5,4169,1,118,171.5,16.1,6.2
RR-sw-out-139-1,false,1.39.0,out,1,6,4169,1,141,191.1,19.8,6
RR-sw-out-139-1,false,1.39.0,out,1,7,4169,1,112,155.3,17.1,5.7
RR-sw-out-139-1,false,1.39.0,out,1,8,4169,1,117,165.9,17.2,5.4
RR-sw-out-139-1,false,1.39.0,out,1,9,4169,1,131,186.4,20.3,5.6
RR-sw-out-139-1,false,1.39.0,out,1,10,4169,1,116,164.6,16.9,7
RR-sw-out-139-1,false,1.39.0,out,1,11,4169,1,125,173.8,18.4,6.9
RR-sw-out-139-1,false,1.39.0,out,1,12,4169,1,112,160.6,17.6,5.7
RR-sw-out-139-1,false,1.39.0,out,1,13,4169,1,130,181.6,18.9,6.7
RR-sw-out-139-1,false,1.39.0,out,1,14,4169,1,128,181.6,19.4,6
RR-sw-out-139-1,false,1.39.0,out,1,15,4169,1,127,184.3,17,5.3
RR-sw-out-139-1,false,1.39.0,out,1,16,4169,1,132,180.1,20.4,6.2
RR-sw-out-139-1,false,1.39.0,out,1,17,4169,1,119,167.9,17.2,4.7
RR-sw-out-139-1,false,1.39.0,out,1,18,4169,1,115,160.8,15.3,4.5
RR-sw-out-139-1,false,1.39.0,out,1,19,4169,1,120,166.4,15.6,5.3
RR-sw-out-139-1,false,1.39.0,out,1,20,4169,1,124,175.4,20,6.3
RR-sw-out-139-2,false,1.39.0,out,2,1,4169,1,118,160.7,15.8,5.7
RR-sw-out-139-2,false,1.39.0,out,2,2,4169,1,121,167.3,16.4,6
RR-sw-out-139-2,false,1.39.0,out,2,3,4169,1,116,155.8,15.2,5.3
RR-sw-out-139-2,false,1.39.0,out,2,4,4169,1,125,173.9,18,6.1
RR-sw-out-139-2,false,1.39.0,out,2,5,4169,1,133,181.2,18.6,6.4
RR-sw-out-139-2,false,1.39.0,out,2,6,4169,1,119,173.3,18.2,5.4
RR-sw-out-139-2,false,1.39.0,out,2,7,4169,1,121,167.1,17.3,5.7
RR-sw-out-139-2,false,1.39.0,out,2,8,4169,1,108,151.7,15.6,4.9
RR-sw-out-139-2,false,1.39.0,out,2,9,4169,1,114,155.2,12.4,5.2
RR-sw-out-139-2,false,1.39.0,out,2,10,4169,1,117,167.3,22.8,6.6
RR-sw-out-139-2,false,1.39.0,out,2,11,4169,1,123,173.6,19.4,5.6
RR-sw-out-139-2,false,1.39.0,out,2,12,4169,1,109,152.6,15.1,5.8
RR-sw-out-139-2,false,1.39.0,out,2,13,4169,1,110,155.1,18,6.2
RR-sw-out-139-2,false,1.39.0,out,2,14,4169,1,113,156.5,16.9,6
RR-sw-out-139-2,false,1.39.0,out,2,15,4169,1,109,152.7,14.3,6.2
RR-sw-out-139-2,false,1.39.0,out,2,16,4169,1,122,169.6,18.8,5
RR-sw-out-139-2,false,1.39.0,out,2,17,4169,1,107,154,16.1,5.6
RR-sw-out-139-2,false,1.39.0,out,2,18,4169,1,136,181.2,16.2,5.1
RR-sw-out-139-2,false,1.39.0,out,2,19,4169,1,122,166.4,17.3,5.8
RR-sw-out-139-2,false,1.39.0,out,2,20,4169,1,122,166.4,17.3,5.3
RR-sw-out-139-3,false,1.39.0,out,3,1,4169,1,117,162.7,15.4,5.7
RR-sw-out-139-3,false,1.39.0,out,3,2,4169,1,116,161.5,14.3,5.2
RR-sw-out-139-3,false,1.39.0,out,3,3,4169,1,124,174.2,18.8,5.7
RR-sw-out-139-3,false,1.39.0,out,3,4,4169,1,127,175.4,15.6,5
RR-sw-out-139-3,false,1.39.0,out,3,5,4169,1,113,160.8,17.5,5.7
RR-sw-out-139-3,false,1.39.0,out,3,6,4169,1,117,160.8,13.7,4.7
RR-sw-out-139-3,false,1.39.0,out,3,7,4169,1,130,183.5,21.1,5.5
RR-sw-out-139-3,false,1.39.0,out,3,8,4169,1,118,163.4,15.5,5.9
RR-sw-out-139-3,false,1.39.0,out,3,9,4169,1,107,157.5,17.6,5.2
RR-sw-out-139-3,false,1.39.0,out,3,10,4169,1,110,155.9,15.6,5.7
RR-sw-out-139-3,false,1.39.0,out,3,11,4169,1,120,166.3,16.1,5.8
RR-sw-out-139-3,false,1.39.0,out,3,12,4169,1,112,160.5,17.5,4.9
RR-sw-out-139-3,false,1.39.0,out,3,13,4169,1,108,151.8,13.7,5.3
RR-sw-out-139-3,false,1.39.0,out,3,14,4169,1,113,161.6,16.2,5.1
RR-sw-out-139-3,false,1.39.0,out,3,15,4169,1,128,179.5,17.9,6.2
RR-sw-out-139-3,false,1.39.0,out,3,16,4169,1,119,171.5,19.5,7.2
RR-sw-out-139-3,false,1.39.0,out,3,17,4169,1,120,170.8,16.4,5.9
RR-sw-out-139-3,false,1.39.0,out,3,18,4169,1,115,159.2,14.2,5.1
RR-sw-out-139-3,false,1.39.0,out,3,19,4169,1,112,161.2,19.9,5.2
RR-sw-out-139-3,false,1.39.0,out,3,20,4169,1,113,161.1,17.5,5
RR-sw-out-140-1,false,1.40.0,out,1,1,4169,1,124,182.8,22.8,6.5
RR-sw-out-140-1,false,1.40.0,out,1,2,4169,1,111,159.1,15.6,5.8
RR-sw-out-140-1,false,1.40.0,out,1,3,4169,1,117,163.5,17,5.3
RR-sw-out-140-1,false,1.40.0,out,1,4,4169,1,128,184.1,20.6,5.5
RR-sw-out-140-1,false,1.40.0,out,1,5,4169,1,123,180.9,20.8,5.7
RR-sw-out-140-1,false,1.40.0,out,1,6,4169,1,131,184.7,16.4,6
RR-sw-out-140-1,false,1.40.0,out,1,7,4169,1,122,174.1,17.3,5.5
RR-sw-out-140-1,false,1.40.0,out,1,8,4169,1,106,159.9,22,5.6
RR-sw-out-140-1,false,1.40.0,out,1,9,4169,1,109,156.1,18.9,5.2
RR-sw-out-140-1,false,1.40.0,out,1,10,4169,1,111,162.3,19.7,5.7
RR-sw-out-140-1,false,1.40.0,out,1,11,4169,1,112,162.2,19.1,5.6
RR-sw-out-140-1,false,1.40.0,out,1,12,4169,1,114,161,18.6,5.6
RR-sw-out-140-1,false,1.40.0,out,1,13,4169,1,117,164.7,15.9,5.7
RR-sw-out-140-1,false,1.40.0,out,1,14,4169,1,131,184.9,17.6,5.6
RR-sw-out-140-1,false,1.40.0,out,1,15,4169,1,109,153.9,18.6,4.8
RR-sw-out-140-1,false,1.40.0,out,1,16,4169,1,122,167.4,15.4,4.9
RR-sw-out-140-1,false,1.40.0,out,1,17,4169,1,118,165.1,17.4,5.3
RR-sw-out-140-1,false,1.40.0,out,1,18,4169,1,114,162.7,19.3,5.1
RR-sw-out-140-1,false,1.40.0,out,1,19,4169,1,110,153.2,15.2,4.7
RR-sw-out-140-1,false,1.40.0,out,1,20,4169,1,109,156.3,19,5.4
RR-sw-out-140-2,false,1.40.0,out,2,1,4169,1,120,169,17.6,6.4
RR-sw-out-140-2,false,1.40.0,out,2,2,4169,1,120,167.2,16.2,4.7
RR-sw-out-140-2,false,1.40.0,out,2,3,4169,1,126,178.1,18.8,6.4
RR-sw-out-140-2,false,1.40.0,out,2,4,4169,1,121,167.9,16.9,5.4
RR-sw-out-140-2,false,1.40.0,out,2,5,4169,1,130,182.6,18.2,5.7
RR-sw-out-140-2,false,1.40.0,out,2,6,4169,1,109,157.8,18.7,4.8
RR-sw-out-140-2,false,1.40.0,out,2,7,4169,1,108,154.4,17.4,5
RR-sw-out-140-2,false,1.40.0,out,2,8,4169,1,119,165.1,17.9,5.4
RR-sw-out-140-2,false,1.40.0,out,2,9,4169,1,114,158.3,16.9,5.4
RR-sw-out-140-2,false,1.40.0,out,2,10,4169,1,107,156.9,16.7,6.2
RR-sw-out-140-2,false,1.40.0,out,2,11,4169,1,113,157.5,16.7,5.9
RR-sw-out-140-2,false,1.40.0,out,2,12,4169,1,123,173.1,19.8,6.6
RR-sw-out-140-2,false,1.40.0,out,2,13,4169,1,111,154.2,15.7,5
RR-sw-out-140-2,false,1.40.0,out,2,14,4169,1,107,151.1,17.6,5.1
RR-sw-out-140-2,false,1.40.0,out,2,15,4169,1,115,157.7,14.3,5.2
RR-sw-out-140-2,false,1.40.0,out,2,16,4169,1,169,225.8,26.8,6.8
RR-sw-out-140-2,false,1.40.0,out,2,17,4169,1,113,154.1,16.6,5
RR-sw-out-140-2,false,1.40.0,out,2,18,4169,1,118,169.2,18.6,5
RR-sw-out-140-2,false,1.40.0,out,2,19,4169,1,137,186.5,20.4,6.8
RR-sw-out-140-2,false,1.40.0,out,2,20,4169,1,115,160.6,16.6,5.5
RR-sw-out-140-3,false,1.40.0,out,3,1,4169,1,111,157.2,18.3,5.5
RR-sw-out-140-3,false,1.40.0,out,3,2,4169,1,126,176.8,16.6,5.3
RR-sw-out-140-3,false,1.40.0,out,3,3,4169,1,122,171.2,17.3,6.7
RR-sw-out-140-3,false,1.40.0,out,3,4,4169,1,129,181.6,18.1,6.8
RR-sw-out-140-3,false,1.40.0,out,3,5,4169,1,123,178.9,17.4,6.2
RR-sw-out-140-3,false,1.40.0,out,3,6,4169,1,112,154.3,13.9,6
RR-sw-out-140-3,false,1.40.0,out,3,7,4169,1,107,149.4,15.1,6
RR-sw-out-140-3,false,1.40.0,out,3,8,4169,1,123,174.7,20.4,6.4
RR-sw-out-140-3,false,1.40.0,out,3,9,4169,1,110,152.6,14.6,5.3
RR-sw-out-140-3,false,1.40.0,out,3,10,4169,1,112,156.6,15.9,5.1
RR-sw-out-140-3,false,1.40.0,out,3,11,4169,1,110,157.2,17.7,5.7
RR-sw-out-140-3,false,1.40.0,out,3,12,4169,1,117,170.9,19.3,6
RR-sw-out-140-3,false,1.40.0,out,3,13,4169,1,116,159.1,15.6,5.9
RR-sw-out-140-3,false,1.40.0,out,3,14,4169,1,113,164.6,17.8,4.9
RR-sw-out-140-3,false,1.40.0,out,3,15,4169,1,108,156.3,17.9,5.8
RR-sw-out-140-3,false,1.40.0,out,3,16,4169,1,125,173.5,16.8,5.2
RR-sw-out-140-3,false,1.40.0,out,3,17,4169,1,119,165.6,16.7,5.7
RR-sw-out-140-3,false,1.40.0,out,3,18,4169,1,120,160.5,15,5.1
RR-sw-out-140-3,false,1.40.0,out,3,19,4169,1,109,148.3,12.9,5.4
RR-sw-out-140-3,false,1.40.0,out,3,20,4169,1,110,153.8,17.4,5.4
RR-swwarm-in-138-1,true,1.38.0,in,1,1,4168,1,141,169.7,13.7,5.7
RR-swwarm-in-138-1,true,1.38.0,in,1,2,4168,1,149,158.8,5.7,5.5
RR-swwarm-in-138-2,true,1.38.0,in,2,1,4168,1,144,152.5,5.3,5.3
RR-swwarm-in-138-2,true,1.38.0,in,2,2,4168,1,167,178.4,7.2,7
RR-swwarm-in-138-3,true,1.38.0,in,3,1,4168,1,157,185.1,15.1,5.5
RR-swwarm-in-138-3,true,1.38.0,in,3,2,4168,1,152,182.9,15.3,5.5
RR-swwarm-in-139-1,true,1.39.0,in,1,1,4168,0,78,89.2,6.4,6.3
RR-swwarm-in-139-1,true,1.39.0,in,1,2,4168,0,75,96.5,81.6,5.1
RR-swwarm-in-139-2,true,1.39.0,in,2,1,4168,0,80,89.7,5.2,5.1
RR-swwarm-in-139-2,true,1.39.0,in,2,2,4168,0,81,91,5.6,5.4
RR-swwarm-in-139-3,true,1.39.0,in,3,1,4168,0,90,100.1,6.2,6.1
RR-swwarm-in-139-3,true,1.39.0,in,3,2,4168,0,71,80.9,5.4,5.3
RR-swwarm-in-140-1,true,1.40.0,in,1,1,4168,0,76,84.6,4.9,4.7
RR-swwarm-in-140-1,true,1.40.0,in,1,2,4168,0,70,78.7,5.6,5.5
RR-swwarm-in-140-2,true,1.40.0,in,2,1,4168,0,91,100.8,6.3,5.1
RR-swwarm-in-140-2,true,1.40.0,in,2,2,4168,0,88,123.9,21,6.1
RR-swwarm-in-140-3,true,1.40.0,in,3,1,4168,0,71,79.7,4.7,4.6
RR-swwarm-in-140-3,true,1.40.0,in,3,2,4168,0,77,86.9,5.4,5.2
RR-swwarm-out-138-1,true,1.38.0,out,1,1,4169,1,153,205.3,19.2,5.2
RR-swwarm-out-138-1,true,1.38.0,out,1,2,4169,1,153,203.3,18.8,5.7
RR-swwarm-out-138-2,true,1.38.0,out,2,1,4169,1,149,192.7,15.7,4.9
RR-swwarm-out-138-2,true,1.38.0,out,2,2,4169,1,149,193.1,15.5,6.2
RR-swwarm-out-138-3,true,1.38.0,out,3,1,4169,1,163,213.5,16.3,6.6
RR-swwarm-out-138-3,true,1.38.0,out,3,2,4169,1,163,216,17.8,6
RR-swwarm-out-139-1,true,1.39.0,out,1,1,4169,1,106,154.9,17.7,7.1
RR-swwarm-out-139-1,true,1.39.0,out,1,2,4169,1,120,166.8,16.8,6.3
RR-swwarm-out-139-2,true,1.39.0,out,2,1,4169,1,123,170.6,16.2,5.7
RR-swwarm-out-139-2,true,1.39.0,out,2,2,4169,1,111,161.3,19.2,5.2
RR-swwarm-out-139-3,true,1.39.0,out,3,1,4169,1,112,155.5,14,5.9
RR-swwarm-out-139-3,true,1.39.0,out,3,2,4169,1,124,174.1,18.4,5.1
RR-swwarm-out-140-1,true,1.40.0,out,1,1,4169,1,123,170.7,18,6.2
RR-swwarm-out-140-1,true,1.40.0,out,1,2,4169,1,122,169,17.9,6
RR-swwarm-out-140-2,true,1.40.0,out,2,1,4169,1,115,170.2,19,5.1
RR-swwarm-out-140-2,true,1.40.0,out,2,2,4169,1,129,181.7,19.3,7.7
RR-swwarm-out-140-3,true,1.40.0,out,3,1,4169,1,114,162.6,19.9,6.2
RR-swwarm-out-140-3,true,1.40.0,out,3,2,4169,1,116,161.5,13.5,5.3
