label,build,round,second,nodes_drawn,renderer_cores,awake_share
RR-tl-138-1,1.38.0,1,1,57,0.3082,1
RR-tl-138-1,1.38.0,1,2,57,0.3325,1
RR-tl-138-1,1.38.0,1,3,57,0.2983,1
RR-tl-138-1,1.38.0,1,4,57,0.3041,1
RR-tl-138-1,1.38.0,1,5,57,0.3102,1
RR-tl-138-1,1.38.0,1,6,57,0.3026,1
RR-tl-138-1,1.38.0,1,7,57,0.3132,1
RR-tl-138-1,1.38.0,1,8,57,0.3088,1
RR-tl-138-1,1.38.0,1,9,57,0.3098,1
RR-tl-138-1,1.38.0,1,10,57,0.3111,1
RR-tl-138-1,1.38.0,1,11,57,0.3061,1
RR-tl-138-1,1.38.0,1,12,57,0.3038,1
RR-tl-138-1,1.38.0,1,13,57,0.3008,1
RR-tl-138-1,1.38.0,1,14,57,0.305,1
RR-tl-138-1,1.38.0,1,15,57,0.2992,1
RR-tl-138-1,1.38.0,1,16,57,0.328,1
RR-tl-138-1,1.38.0,1,17,57,0.3004,1
RR-tl-138-1,1.38.0,1,18,57,0.3757,1
RR-tl-138-1,1.38.0,1,19,57,0.3107,1
RR-tl-138-1,1.38.0,1,20,57,0.3099,1
RR-tl-138-2,1.38.0,2,1,57,0.3202,1
RR-tl-138-2,1.38.0,2,2,57,0.3053,1
RR-tl-138-2,1.38.0,2,3,57,0.3198,1
RR-tl-138-2,1.38.0,2,4,57,0.3009,1
RR-tl-138-2,1.38.0,2,5,57,0.3163,1
RR-tl-138-2,1.38.0,2,6,57,0.3088,1
RR-tl-138-2,1.38.0,2,7,57,0.3141,1
RR-tl-138-2,1.38.0,2,8,57,0.3248,1
RR-tl-138-2,1.38.0,2,9,57,0.3074,1
RR-tl-138-2,1.38.0,2,10,57,0.305,1
RR-tl-138-2,1.38.0,2,11,57,0.3084,1
RR-tl-138-2,1.38.0,2,12,57,0.3268,1
RR-tl-138-2,1.38.0,2,13,57,0.3348,1
RR-tl-138-2,1.38.0,2,14,57,0.3278,1
RR-tl-138-2,1.38.0,2,15,57,0.3038,1
RR-tl-138-2,1.38.0,2,16,57,0.3014,1
RR-tl-138-2,1.38.0,2,17,57,0.3157,1
RR-tl-138-2,1.38.0,2,18,57,0.2968,1
RR-tl-138-2,1.38.0,2,19,57,0.3111,1
RR-tl-138-2,1.38.0,2,20,57,0.3968,1
RR-tl-139-1,1.39.0,1,1,57,0.0701,0
RR-tl-139-1,1.39.0,1,2,57,0.0714,0
RR-tl-139-1,1.39.0,1,3,57,0.0678,0
RR-tl-139-1,1.39.0,1,4,57,0.0719,0
RR-tl-139-1,1.39.0,1,5,57,0.0714,0
RR-tl-139-1,1.39.0,1,6,57,0.069,0
RR-tl-139-1,1.39.0,1,7,57,0.0689,0
RR-tl-139-1,1.39.0,1,8,57,0.0714,0
RR-tl-139-1,1.39.0,1,9,57,0.0749,0
RR-tl-139-1,1.39.0,1,10,57,0.0692,0
RR-tl-139-1,1.39.0,1,11,57,0.074,0
RR-tl-139-1,1.39.0,1,12,57,0.0696,0
RR-tl-139-1,1.39.0,1,13,57,0.0795,0
RR-tl-139-1,1.39.0,1,14,57,0.0808,0
RR-tl-139-1,1.39.0,1,15,57,0.0776,0
RR-tl-139-1,1.39.0,1,16,57,0.0758,0
RR-tl-139-1,1.39.0,1,17,57,0.0695,0
RR-tl-139-1,1.39.0,1,18,57,0.0906,0
RR-tl-139-1,1.39.0,1,19,57,0.0939,0
RR-tl-139-1,1.39.0,1,20,57,0.0708,0
RR-tl-139-2,1.39.0,2,1,57,0.0716,0
RR-tl-139-2,1.39.0,2,2,57,0.0698,0
RR-tl-139-2,1.39.0,2,3,57,0.0703,0
RR-tl-139-2,1.39.0,2,4,57,0.0726,0
RR-tl-139-2,1.39.0,2,5,57,0.072,0
RR-tl-139-2,1.39.0,2,6,57,0.072,0
RR-tl-139-2,1.39.0,2,7,57,0.0714,0
RR-tl-139-2,1.39.0,2,8,57,0.074,0
RR-tl-139-2,1.39.0,2,9,57,0.0724,0
RR-tl-139-2,1.39.0,2,10,57,0.071,0
RR-tl-139-2,1.39.0,2,11,57,0.0693,0
RR-tl-139-2,1.39.0,2,12,57,0.0706,0
RR-tl-139-2,1.39.0,2,13,57,0.0715,0
RR-tl-139-2,1.39.0,2,14,57,0.0692,0
RR-tl-139-2,1.39.0,2,15,57,0.0724,0
RR-tl-139-2,1.39.0,2,16,57,0.0685,0
RR-tl-139-2,1.39.0,2,17,57,0.0804,0
RR-tl-139-2,1.39.0,2,18,57,0.0684,0
RR-tl-139-2,1.39.0,2,19,57,0.0678,0
RR-tl-139-2,1.39.0,2,20,57,0.074,0
RR-tl-140-1,1.40.0,1,1,57,0.0683,0
RR-tl-140-1,1.40.0,1,2,57,0.0728,0
RR-tl-140-1,1.40.0,1,3,57,0.0693,0
RR-tl-140-1,1.40.0,1,4,57,0.0732,0
RR-tl-140-1,1.40.0,1,5,57,0.074,0
RR-tl-140-1,1.40.0,1,6,57,0.0713,0
RR-tl-140-1,1.40.0,1,7,57,0.0719,0
RR-tl-140-1,1.40.0,1,8,57,0.0731,0
RR-tl-140-1,1.40.0,1,9,57,0.0776,0
RR-tl-140-1,1.40.0,1,10,57,0.0759,0
RR-tl-140-1,1.40.0,1,11,57,0.0738,0
RR-tl-140-1,1.40.0,1,12,57,0.073,0
RR-tl-140-1,1.40.0,1,13,57,0.0717,0
RR-tl-140-1,1.40.0,1,14,57,0.0747,0
RR-tl-140-1,1.40.0,1,15,57,0.0876,0
RR-tl-140-1,1.40.0,1,16,57,0.0734,0
RR-tl-140-1,1.40.0,1,17,57,0.0732,0
RR-tl-140-1,1.40.0,1,18,57,0.0727,0
RR-tl-140-1,1.40.0,1,19,57,0.0715,0
RR-tl-140-1,1.40.0,1,20,57,0.0729,0
RR-tl-140-2,1.40.0,2,1,57,0.0789,0
RR-tl-140-2,1.40.0,2,2,57,0.0754,0
RR-tl-140-2,1.40.0,2,3,57,0.0765,0
RR-tl-140-2,1.40.0,2,4,57,0.0733,0
RR-tl-140-2,1.40.0,2,5,57,0.068,0
RR-tl-140-2,1.40.0,2,6,57,0.1692,0
RR-tl-140-2,1.40.0,2,7,57,0.1564,0
RR-tl-140-2,1.40.0,2,8,57,0.0792,0
RR-tl-140-2,1.40.0,2,9,57,0.0724,0
RR-tl-140-2,1.40.0,2,10,57,0.0756,0
RR-tl-140-2,1.40.0,2,11,57,0.0708,0
RR-tl-140-2,1.40.0,2,12,57,0.0724,0
RR-tl-140-2,1.40.0,2,13,57,0.0735,0
RR-tl-140-2,1.40.0,2,14,57,0.0732,0
RR-tl-140-2,1.40.0,2,15,57,0.0692,0
RR-tl-140-2,1.40.0,2,16,57,0.0683,0
RR-tl-140-2,1.40.0,2,17,57,0.0692,0
RR-tl-140-2,1.40.0,2,18,57,0.0693,0
RR-tl-140-2,1.40.0,2,19,57,0.0697,0
RR-tl-140-2,1.40.0,2,20,57,0.0688,0
RR-tl-off-1,Pulsar off,1,1,112,0.0694,0
RR-tl-off-1,Pulsar off,1,2,112,0.0736,0
RR-tl-off-1,Pulsar off,1,3,112,0.0706,0
RR-tl-off-1,Pulsar off,1,4,112,0.0705,0
RR-tl-off-1,Pulsar off,1,5,112,0.0696,0
RR-tl-off-1,Pulsar off,1,6,112,0.0688,0
RR-tl-off-1,Pulsar off,1,7,112,0.0714,0
RR-tl-off-1,Pulsar off,1,8,112,0.0722,0
RR-tl-off-1,Pulsar off,1,9,112,0.0717,0
RR-tl-off-1,Pulsar off,1,10,112,0.0685,0
RR-tl-off-1,Pulsar off,1,11,112,0.0686,0
RR-tl-off-1,Pulsar off,1,12,112,0.0697,0
RR-tl-off-1,Pulsar off,1,13,112,0.0725,0
RR-tl-off-1,Pulsar off,1,14,112,0.0687,0
RR-tl-off-1,Pulsar off,1,15,112,0.0706,0
RR-tl-off-1,Pulsar off,1,16,112,0.0698,0
RR-tl-off-1,Pulsar off,1,17,112,0.0694,0
RR-tl-off-1,Pulsar off,1,18,112,0.0689,0
RR-tl-off-1,Pulsar off,1,19,112,0.0776,0
RR-tl-off-1,Pulsar off,1,20,112,0.072,0
RR-tl-off-2,Pulsar off,2,1,112,0.0805,0
RR-tl-off-2,Pulsar off,2,2,112,0.072,0
RR-tl-off-2,Pulsar off,2,3,112,0.0769,0
RR-tl-off-2,Pulsar off,2,4,112,0.0771,0
RR-tl-off-2,Pulsar off,2,5,112,0.0768,0
RR-tl-off-2,Pulsar off,2,6,112,0.0737,0
RR-tl-off-2,Pulsar off,2,7,112,0.0739,0
RR-tl-off-2,Pulsar off,2,8,112,0.0689,0
RR-tl-off-2,Pulsar off,2,9,112,0.0709,0
RR-tl-off-2,Pulsar off,2,10,112,0.069,0
RR-tl-off-2,Pulsar off,2,11,112,0.0674,0
RR-tl-off-2,Pulsar off,2,12,112,0.0958,0
RR-tl-off-2,Pulsar off,2,13,112,0.0689,0
RR-tl-off-2,Pulsar off,2,14,112,0.0716,0
RR-tl-off-2,Pulsar off,2,15,112,0.0721,0
RR-tl-off-2,Pulsar off,2,16,112,0.0683,0
RR-tl-off-2,Pulsar off,2,17,112,0.0696,0
RR-tl-off-2,Pulsar off,2,18,112,0.0695,0
RR-tl-off-2,Pulsar off,2,19,112,0.07,0
RR-tl-off-2,Pulsar off,2,20,112,0.0724,0
