label,vault,modified_utc
1k-defaults-components,bench,2026-10-07T15:45:54Z
1k-defaults-frame-off,bench,2026-10-07T15:47:12Z
1k-defaults-frame-on,bench,2026-10-07T15:46:49Z
1k-defaults-idle,bench,2026-10-07T15:46:26Z
1k-defaults-loadparts,bench,2026-10-07T15:46:18Z
1k-defaults-switch-off,bench,2026-10-07T15:47:11Z
1k-defaults-switch-on,bench,2026-10-07T15:46:48Z
1k-his-components,bench,2026-10-07T15:47:23Z
1k-his-frame-on,bench,2026-10-07T15:48:21Z
1k-his-idle,bench,2026-10-07T15:47:58Z
1k-his-loadparts,bench,2026-10-07T15:47:50Z
1k-his-switch-on,bench,2026-10-07T15:48:20Z
20k-defaults-components,bench,2026-10-07T16:21:46Z
20k-defaults-frame-off,bench,2026-10-07T16:22:35Z
20k-defaults-frame-on,bench,2026-10-07T16:21:54Z
20k-defaults-nograph-loadparts,bench,2026-10-07T16:20:41Z
20k-defaults-switch-off,bench,2026-10-07T16:23:08Z
20k-defaults-switch-on,bench,2026-10-07T16:22:27Z
20k-his-components,bench,2026-10-07T16:24:14Z
20k-his-frame-on,bench,2026-10-07T16:24:41Z
20k-his-switch-on,bench,2026-10-07T16:24:40Z
20k-nograph-first,bench,2026-10-07T16:21:04Z
5k-defaults-components,bench,2026-10-07T16:01:19Z
5k-defaults-frame-off,bench,2026-10-07T16:07:33Z
5k-defaults-frame-on,bench,2026-10-07T16:07:05Z
5k-defaults-idle,bench,2026-10-07T16:06:36Z
5k-defaults-loadparts,bench,2026-10-07T16:06:28Z
5k-defaults-nograph-loadparts,bench,2026-10-07T16:12:06Z
5k-defaults-switch-off,bench,2026-10-07T16:07:30Z
5k-defaults-switch-on,bench,2026-10-07T16:07:01Z
5k-nograph-first,bench,2026-10-07T16:12:29Z
5k-off-idle-1,bench,2026-10-07T16:10:17Z
5k-off-idle-2,bench,2026-10-07T16:10:36Z
5k-off-idle-3,bench,2026-10-07T16:10:54Z
FB20k-first-1,bench,2026-10-07T21:37:56Z
FB20k-first-2,bench,2026-10-07T21:39:34Z
FB20k-first-3,bench,2026-10-07T21:41:11Z
FB20k-first-4,bench,2026-10-07T21:42:43Z
FB20k-first-5,bench,2026-10-07T21:44:17Z
FB20k-first-6,bench,2026-10-07T21:45:45Z
FB20k-master-1,bench,2026-10-07T21:37:32Z
FB20k-master-2,bench,2026-10-07T21:39:11Z
FB20k-master-3,bench,2026-10-07T21:40:46Z
FB20k-master-4,bench,2026-10-07T21:42:19Z
FB20k-master-5,bench,2026-10-07T21:43:54Z
FB20k-master-6,bench,2026-10-07T21:45:20Z
FB20k-off-1,bench,2026-10-07T21:36:58Z
FB20k-off-2,bench,2026-10-07T21:38:32Z
FB20k-off-3,bench,2026-10-07T21:40:09Z
FB20k-off-4,bench,2026-10-07T21:41:45Z
FB20k-off-5,bench,2026-10-07T21:43:19Z
FB20k-off-6,bench,2026-10-07T21:44:49Z
H20k-fixA-in,bench,2026-10-07T17:48:14Z
H20k-fixA-out,bench,2026-10-07T17:48:42Z
H20k-fixAB-in,bench,2026-10-07T17:49:43Z
H20k-fixAB-out,bench,2026-10-07T17:50:10Z
H20k-release-in,bench,2026-10-07T17:46:53Z
H20k-release-out,bench,2026-10-07T17:47:21Z
O20k-fix-1,bench,2026-10-07T18:01:59Z
O20k-fix-2,bench,2026-10-07T18:02:14Z
O20k-fix-3,bench,2026-10-07T18:03:35Z
O20k-fix-4,bench,2026-10-07T18:04:47Z
O20k-fix-5,bench,2026-10-07T18:05:55Z
O20k-fix-6,bench,2026-10-07T18:07:01Z
O20k-off-1,bench,2026-10-07T17:58:58Z
O20k-off-2,bench,2026-10-07T17:59:40Z
O20k-off-3,bench,2026-10-07T18:03:01Z
O20k-off-4,bench,2026-10-07T18:04:12Z
O20k-off-5,bench,2026-10-07T18:05:20Z
O20k-off-6,bench,2026-10-07T18:06:26Z
O20k-on-1,bench,2026-10-07T17:55:42Z
O20k-on-2,bench,2026-10-07T17:56:33Z
P-20k-his-frame,bench,2026-10-07T16:28:10Z
P20k-fixAB-in,bench,2026-10-07T17:51:47Z
R3-in-firstbuild-1,bench,2026-10-07T21:50:22Z
R3-in-firstbuild-2,bench,2026-10-07T21:52:30Z
R3-in-onerepaint-1,bench,2026-10-07T21:51:25Z
R3-in-onerepaint-2,bench,2026-10-07T21:53:33Z
R3-out-firstbuild-1,bench,2026-10-07T21:54:47Z
R3-out-firstbuild-2,bench,2026-10-07T21:57:09Z
R3-out-onerepaint-1,bench,2026-10-07T21:55:59Z
R3-out-onerepaint-2,bench,2026-10-07T21:58:20Z
R3S-in-firstbuild-1,bench,2026-10-07T21:50:43Z
R3S-in-firstbuild-2,bench,2026-10-07T21:52:52Z
R3S-in-onerepaint-1,bench,2026-10-07T21:51:46Z
R3S-in-onerepaint-2,bench,2026-10-07T21:53:54Z
R3S-out-firstbuild-1,bench,2026-10-07T21:55:08Z
R3S-out-firstbuild-2,bench,2026-10-07T21:57:30Z
R3S-out-onerepaint-1,bench,2026-10-07T21:56:20Z
R3S-out-onerepaint-2,bench,2026-10-07T21:58:42Z
S20k-fixAB-in,bench,2026-10-07T17:53:04Z
A-components,demo,2026-10-07T15:20:15Z
A-first,demo,2026-10-07T15:21:55Z
A-load,demo,2026-10-07T15:21:31Z
A-switch-off,demo,2026-10-07T15:21:08Z
A-switch-on,demo,2026-10-07T15:20:37Z
AT-demo-attention-1,demo,2026-10-07T22:12:42Z
AT-demo-attention-2,demo,2026-10-07T22:13:22Z
AT-demo-attention-3,demo,2026-10-07T22:14:02Z
AT-demo-rel139-1,demo,2026-10-07T22:12:21Z
AT-demo-rel139-2,demo,2026-10-07T22:13:02Z
AT-demo-rel139-3,demo,2026-10-07T22:13:42Z
B-components,demo,2026-10-07T15:27:18Z
B-first,demo,2026-10-07T15:28:59Z
B-idle-off,demo,2026-10-07T15:31:12Z
B-idle-on,demo,2026-10-07T15:30:06Z
B-load,demo,2026-10-07T15:28:32Z
B-switch-off,demo,2026-10-07T15:28:06Z
B-switch-on,demo,2026-10-07T15:27:42Z
C-frame-off,demo,2026-10-07T15:38:42Z
C-frame-on,demo,2026-10-07T15:38:41Z
C-idlecheck-deep,demo,2026-10-07T15:35:32Z
C-idlecheck-on,demo,2026-10-07T15:35:05Z
C-loadparts,demo,2026-10-07T15:41:57Z
C-trace-off-deep,demo,2026-10-07T15:37:58Z
C-traceview-off,demo,2026-10-07T15:36:51Z
C-traceview,demo,2026-10-07T15:35:58Z
F1-after-replay,demo,2026-10-07T17:39:10Z
F1-after,demo,2026-10-07T17:38:04Z
F1-before-noprof,demo,2026-10-07T17:36:24Z
F1-before,demo,2026-10-07T17:37:04Z
F1-off,demo,2026-10-07T17:37:38Z
F1-probe,demo,2026-10-07T17:26:48Z
INK-inkstatus-1,demo,2026-10-07T22:22:03Z
INK-inkstatus-2,demo,2026-10-07T22:22:16Z
INK-master-1,demo,2026-10-07T22:21:57Z
INK-master-2,demo,2026-10-07T22:22:10Z
IO-first-inkoff-1,demo,2026-10-07T22:39:40Z
IO-first-inkoff-2,demo,2026-10-07T22:41:13Z
IO-first-master-1,demo,2026-10-07T22:38:53Z
IO-first-master-2,demo,2026-10-07T22:40:26Z
IO-own-inkoff-1,demo,2026-10-07T22:40:03Z
IO-own-inkoff-2,demo,2026-10-07T22:41:36Z
IO-own-master-1,demo,2026-10-07T22:39:16Z
IO-own-master-2,demo,2026-10-07T22:40:49Z
R3-demo-firstbuild-1,demo,2026-10-07T22:00:14Z
R3-demo-firstbuild-2,demo,2026-10-07T22:00:53Z
R3-demo-onerepaint-1,demo,2026-10-07T22:00:34Z
R3-demo-onerepaint-2,demo,2026-10-07T22:01:13Z
