label,vault,build,nodes_drawn,frame,ms
C-frame-on,demo,1.38.0,112,1,1.1
C-frame-on,demo,1.38.0,112,2,1.2
C-frame-on,demo,1.38.0,112,3,1.3
C-frame-on,demo,1.38.0,112,4,1
C-frame-on,demo,1.38.0,112,5,1.2
C-frame-on,demo,1.38.0,112,6,1.2
C-frame-on,demo,1.38.0,112,7,1.1
C-frame-on,demo,1.38.0,112,8,1.5
C-frame-on,demo,1.38.0,112,9,1.3
C-frame-on,demo,1.38.0,112,10,1.1
C-frame-on,demo,1.38.0,112,11,1.1
C-frame-on,demo,1.38.0,112,12,1.4
C-frame-on,demo,1.38.0,112,13,1.6
C-frame-on,demo,1.38.0,112,14,1.3
C-frame-on,demo,1.38.0,112,15,1.6
C-frame-on,demo,1.38.0,112,16,1
C-frame-on,demo,1.38.0,112,17,1.3
C-frame-on,demo,1.38.0,112,18,1.3
C-frame-on,demo,1.38.0,112,19,1.6
C-frame-on,demo,1.38.0,112,20,1.1
C-frame-on,demo,1.38.0,112,21,1.1
C-frame-on,demo,1.38.0,112,22,1
C-frame-on,demo,1.38.0,112,23,1.2
C-frame-on,demo,1.38.0,112,24,1.2
C-frame-on,demo,1.38.0,112,25,1.3
C-frame-on,demo,1.38.0,112,26,1.1
C-frame-on,demo,1.38.0,112,27,1.1
C-frame-on,demo,1.38.0,112,28,1.2
C-frame-on,demo,1.38.0,112,29,1.3
C-frame-on,demo,1.38.0,112,30,1.3
C-frame-on,demo,1.38.0,112,31,1.3
C-frame-on,demo,1.38.0,112,32,1.1
C-frame-on,demo,1.38.0,112,33,1.2
C-frame-on,demo,1.38.0,112,34,1.4
C-frame-on,demo,1.38.0,112,35,1
C-frame-on,demo,1.38.0,112,36,1.2
C-frame-on,demo,1.38.0,112,37,1.3
C-frame-on,demo,1.38.0,112,38,1.2
C-frame-on,demo,1.38.0,112,39,1.3
C-frame-on,demo,1.38.0,112,40,1.8
C-frame-on,demo,1.38.0,112,41,1.1
C-frame-on,demo,1.38.0,112,42,1.1
C-frame-on,demo,1.38.0,112,43,1
C-frame-on,demo,1.38.0,112,44,1.1
C-frame-on,demo,1.38.0,112,45,1.2
C-frame-on,demo,1.38.0,112,46,1.4
C-frame-on,demo,1.38.0,112,47,1.1
C-frame-on,demo,1.38.0,112,48,1.1
C-frame-on,demo,1.38.0,112,49,0.9
C-frame-on,demo,1.38.0,112,50,1.2
C-frame-on,demo,1.38.0,112,51,1.1
C-frame-on,demo,1.38.0,112,52,1.1
C-frame-on,demo,1.38.0,112,53,1.2
C-frame-on,demo,1.38.0,112,54,1
C-frame-on,demo,1.38.0,112,55,1.4
C-frame-on,demo,1.38.0,112,56,1.4
C-frame-on,demo,1.38.0,112,57,1.2
C-frame-on,demo,1.38.0,112,58,1
C-frame-on,demo,1.38.0,112,59,1.3
C-frame-on,demo,1.38.0,112,60,1.4
C-frame-on,demo,1.38.0,112,61,1.3
C-frame-on,demo,1.38.0,112,62,1.2
C-frame-on,demo,1.38.0,112,63,1
C-frame-on,demo,1.38.0,112,64,1.2
C-frame-on,demo,1.38.0,112,65,1.2
C-frame-on,demo,1.38.0,112,66,1.2
C-frame-on,demo,1.38.0,112,67,1.2
C-frame-on,demo,1.38.0,112,68,1
C-frame-on,demo,1.38.0,112,69,1.3
C-frame-on,demo,1.38.0,112,70,1
C-frame-on,demo,1.38.0,112,71,1.7
C-frame-on,demo,1.38.0,112,72,1.2
C-frame-on,demo,1.38.0,112,73,1.1
C-frame-on,demo,1.38.0,112,74,1.1
C-frame-on,demo,1.38.0,112,75,1.5
C-frame-on,demo,1.38.0,112,76,1.4
C-frame-on,demo,1.38.0,112,77,1.1
C-frame-on,demo,1.38.0,112,78,1.3
C-frame-on,demo,1.38.0,112,79,1.1
C-frame-on,demo,1.38.0,112,80,1.2
C-frame-on,demo,1.38.0,112,81,1.3
C-frame-on,demo,1.38.0,112,82,1.8
C-frame-on,demo,1.38.0,112,83,1.1
C-frame-on,demo,1.38.0,112,84,1.2
C-frame-on,demo,1.38.0,112,85,1.3
C-frame-on,demo,1.38.0,112,86,1.2
C-frame-on,demo,1.38.0,112,87,1.2
C-frame-on,demo,1.38.0,112,88,1
C-frame-on,demo,1.38.0,112,89,1.1
C-frame-on,demo,1.38.0,112,90,1.2
C-frame-on,demo,1.38.0,112,91,1.2
C-frame-on,demo,1.38.0,112,92,1.1
C-frame-on,demo,1.38.0,112,93,2.2
C-frame-on,demo,1.38.0,112,94,1.1
C-frame-on,demo,1.38.0,112,95,1
C-frame-on,demo,1.38.0,112,96,1.3
C-frame-on,demo,1.38.0,112,97,1.4
C-frame-on,demo,1.38.0,112,98,1.5
C-frame-on,demo,1.38.0,112,99,1.1
C-frame-on,demo,1.38.0,112,100,1.3
C-frame-on,demo,1.38.0,112,101,1.3
C-frame-on,demo,1.38.0,112,102,1.1
C-frame-on,demo,1.38.0,112,103,1.1
C-frame-on,demo,1.38.0,112,104,1.2
C-frame-on,demo,1.38.0,112,105,1.3
C-frame-on,demo,1.38.0,112,106,1.2
C-frame-on,demo,1.38.0,112,107,1.2
C-frame-on,demo,1.38.0,112,108,1.1
C-frame-on,demo,1.38.0,112,109,1.7
C-frame-on,demo,1.38.0,112,110,1.2
C-frame-on,demo,1.38.0,112,111,1.1
C-frame-on,demo,1.38.0,112,112,1
C-frame-on,demo,1.38.0,112,113,1.1
C-frame-on,demo,1.38.0,112,114,1.8
C-frame-on,demo,1.38.0,112,115,1.1
C-frame-on,demo,1.38.0,112,116,1.2
C-frame-on,demo,1.38.0,112,117,1.2
C-frame-on,demo,1.38.0,112,118,1.4
C-frame-on,demo,1.38.0,112,119,1.3
C-frame-on,demo,1.38.0,112,120,1.2
C-frame-on,demo,1.38.0,112,121,1.1
C-frame-on,demo,1.38.0,112,122,1.2
C-frame-on,demo,1.38.0,112,123,1.1
C-frame-on,demo,1.38.0,112,124,1.3
C-frame-on,demo,1.38.0,112,125,1.1
C-frame-on,demo,1.38.0,112,126,1.1
C-frame-on,demo,1.38.0,112,127,1.3
C-frame-on,demo,1.38.0,112,128,1.1
C-frame-on,demo,1.38.0,112,129,1.7
C-frame-on,demo,1.38.0,112,130,1.1
C-frame-on,demo,1.38.0,112,131,1.2
C-frame-on,demo,1.38.0,112,132,1.3
C-frame-on,demo,1.38.0,112,133,1.2
C-frame-on,demo,1.38.0,112,134,1.4
C-frame-on,demo,1.38.0,112,135,1.2
C-frame-on,demo,1.38.0,112,136,1.2
C-frame-on,demo,1.38.0,112,137,1.1
C-frame-on,demo,1.38.0,112,138,1.3
C-frame-on,demo,1.38.0,112,139,1.5
C-frame-on,demo,1.38.0,112,140,1.4
C-frame-on,demo,1.38.0,112,141,1.2
C-frame-on,demo,1.38.0,112,142,1.2
C-frame-on,demo,1.38.0,112,143,1.2
C-frame-on,demo,1.38.0,112,144,1.2
C-frame-on,demo,1.38.0,112,145,1.2
C-frame-on,demo,1.38.0,112,146,1.2
C-frame-on,demo,1.38.0,112,147,1.1
C-frame-on,demo,1.38.0,112,148,1.2
C-frame-on,demo,1.38.0,112,149,1.4
C-frame-on,demo,1.38.0,112,150,1.8
C-frame-on,demo,1.38.0,112,151,1.5
C-frame-on,demo,1.38.0,112,152,1.1
C-frame-on,demo,1.38.0,112,153,1.2
C-frame-on,demo,1.38.0,112,154,1.4
C-frame-on,demo,1.38.0,112,155,1.2
C-frame-on,demo,1.38.0,112,156,1.1
C-frame-on,demo,1.38.0,112,157,1.3
C-frame-on,demo,1.38.0,112,158,1.2
C-frame-on,demo,1.38.0,112,159,1.3
C-frame-on,demo,1.38.0,112,160,1.5
C-frame-on,demo,1.38.0,112,161,1.1
C-frame-on,demo,1.38.0,112,162,1
C-frame-on,demo,1.38.0,112,163,1.2
C-frame-on,demo,1.38.0,112,164,1.2
C-frame-on,demo,1.38.0,112,165,1.4
C-frame-on,demo,1.38.0,112,166,1
C-frame-on,demo,1.38.0,112,167,1.3
C-frame-on,demo,1.38.0,112,168,1.2
C-frame-on,demo,1.38.0,112,169,1.2
C-frame-on,demo,1.38.0,112,170,1.3
C-frame-on,demo,1.38.0,112,171,1.2
C-frame-on,demo,1.38.0,112,172,1.1
C-frame-on,demo,1.38.0,112,173,1.3
C-frame-on,demo,1.38.0,112,174,1.2
C-frame-on,demo,1.38.0,112,175,1
C-frame-on,demo,1.38.0,112,176,1.6
C-frame-on,demo,1.38.0,112,177,1.4
C-frame-on,demo,1.38.0,112,178,1.2
C-frame-on,demo,1.38.0,112,179,1
C-frame-on,demo,1.38.0,112,180,1.3
C-frame-on,demo,1.38.0,112,181,1.2
C-frame-on,demo,1.38.0,112,182,1.2
C-frame-on,demo,1.38.0,112,183,1.2
C-frame-on,demo,1.38.0,112,184,1.3
C-frame-on,demo,1.38.0,112,185,1.1
C-frame-on,demo,1.38.0,112,186,1.4
C-frame-on,demo,1.38.0,112,187,1.4
C-frame-on,demo,1.38.0,112,188,1.2
C-frame-on,demo,1.38.0,112,189,1.1
C-frame-on,demo,1.38.0,112,190,1.1
C-frame-on,demo,1.38.0,112,191,1.2
C-frame-on,demo,1.38.0,112,192,1.4
C-frame-on,demo,1.38.0,112,193,1.1
C-frame-on,demo,1.38.0,112,194,1.1
C-frame-on,demo,1.38.0,112,195,1.3
C-frame-on,demo,1.38.0,112,196,1.3
C-frame-on,demo,1.38.0,112,197,1.4
C-frame-on,demo,1.38.0,112,198,1.3
C-frame-on,demo,1.38.0,112,199,1.2
C-frame-off,demo,Pulsar off,112,1,1.1
C-frame-off,demo,Pulsar off,112,2,1.2
C-frame-off,demo,Pulsar off,112,3,1.3
C-frame-off,demo,Pulsar off,112,4,1.3
C-frame-off,demo,Pulsar off,112,5,1.8
C-frame-off,demo,Pulsar off,112,6,1
C-frame-off,demo,Pulsar off,112,7,1.2
C-frame-off,demo,Pulsar off,112,8,1.6
C-frame-off,demo,Pulsar off,112,9,1.4
C-frame-off,demo,Pulsar off,112,10,1.4
C-frame-off,demo,Pulsar off,112,11,1.5
C-frame-off,demo,Pulsar off,112,12,1.5
C-frame-off,demo,Pulsar off,112,13,1.3
C-frame-off,demo,Pulsar off,112,14,1.2
C-frame-off,demo,Pulsar off,112,15,1.3
C-frame-off,demo,Pulsar off,112,16,1
C-frame-off,demo,Pulsar off,112,17,1.1
C-frame-off,demo,Pulsar off,112,18,1.5
C-frame-off,demo,Pulsar off,112,19,1.2
C-frame-off,demo,Pulsar off,112,20,1.1
C-frame-off,demo,Pulsar off,112,21,1.6
C-frame-off,demo,Pulsar off,112,22,0.9
C-frame-off,demo,Pulsar off,112,23,1.2
C-frame-off,demo,Pulsar off,112,24,1
C-frame-off,demo,Pulsar off,112,25,1.2
C-frame-off,demo,Pulsar off,112,26,1.3
C-frame-off,demo,Pulsar off,112,27,1
C-frame-off,demo,Pulsar off,112,28,1.4
C-frame-off,demo,Pulsar off,112,29,1.2
C-frame-off,demo,Pulsar off,112,30,1.3
C-frame-off,demo,Pulsar off,112,31,1.2
C-frame-off,demo,Pulsar off,112,32,1.2
C-frame-off,demo,Pulsar off,112,33,1.3
C-frame-off,demo,Pulsar off,112,34,1.2
C-frame-off,demo,Pulsar off,112,35,1.2
C-frame-off,demo,Pulsar off,112,36,1.4
C-frame-off,demo,Pulsar off,112,37,1.2
C-frame-off,demo,Pulsar off,112,38,1.1
C-frame-off,demo,Pulsar off,112,39,1.7
C-frame-off,demo,Pulsar off,112,40,1.1
C-frame-off,demo,Pulsar off,112,41,1.3
C-frame-off,demo,Pulsar off,112,42,1
C-frame-off,demo,Pulsar off,112,43,1.2
C-frame-off,demo,Pulsar off,112,44,1.2
C-frame-off,demo,Pulsar off,112,45,1.1
C-frame-off,demo,Pulsar off,112,46,1.2
C-frame-off,demo,Pulsar off,112,47,1.1
C-frame-off,demo,Pulsar off,112,48,1.4
C-frame-off,demo,Pulsar off,112,49,1.7
C-frame-off,demo,Pulsar off,112,50,1.3
C-frame-off,demo,Pulsar off,112,51,1.2
C-frame-off,demo,Pulsar off,112,52,1.2
C-frame-off,demo,Pulsar off,112,53,1.3
C-frame-off,demo,Pulsar off,112,54,1.6
C-frame-off,demo,Pulsar off,112,55,1.1
C-frame-off,demo,Pulsar off,112,56,1.1
C-frame-off,demo,Pulsar off,112,57,1.2
C-frame-off,demo,Pulsar off,112,58,1.4
C-frame-off,demo,Pulsar off,112,59,1.1
C-frame-off,demo,Pulsar off,112,60,1.5
C-frame-off,demo,Pulsar off,112,61,1.1
C-frame-off,demo,Pulsar off,112,62,1.3
C-frame-off,demo,Pulsar off,112,63,1.2
C-frame-off,demo,Pulsar off,112,64,1.2
C-frame-off,demo,Pulsar off,112,65,1.3
C-frame-off,demo,Pulsar off,112,66,1.1
C-frame-off,demo,Pulsar off,112,67,1.4
C-frame-off,demo,Pulsar off,112,68,1.1
C-frame-off,demo,Pulsar off,112,69,1.3
C-frame-off,demo,Pulsar off,112,70,1.2
C-frame-off,demo,Pulsar off,112,71,1.3
C-frame-off,demo,Pulsar off,112,72,1.1
C-frame-off,demo,Pulsar off,112,73,1
C-frame-off,demo,Pulsar off,112,74,1.3
C-frame-off,demo,Pulsar off,112,75,1.2
C-frame-off,demo,Pulsar off,112,76,1.3
C-frame-off,demo,Pulsar off,112,77,1.2
C-frame-off,demo,Pulsar off,112,78,1.2
C-frame-off,demo,Pulsar off,112,79,1.2
C-frame-off,demo,Pulsar off,112,80,1.2
C-frame-off,demo,Pulsar off,112,81,1
C-frame-off,demo,Pulsar off,112,82,1.2
C-frame-off,demo,Pulsar off,112,83,1
C-frame-off,demo,Pulsar off,112,84,1.1
C-frame-off,demo,Pulsar off,112,85,1.1
C-frame-off,demo,Pulsar off,112,86,1.2
C-frame-off,demo,Pulsar off,112,87,1.5
C-frame-off,demo,Pulsar off,112,88,1.2
C-frame-off,demo,Pulsar off,112,89,1.4
C-frame-off,demo,Pulsar off,112,90,1.1
C-frame-off,demo,Pulsar off,112,91,1.3
C-frame-off,demo,Pulsar off,112,92,1.2
C-frame-off,demo,Pulsar off,112,93,1.1
C-frame-off,demo,Pulsar off,112,94,1.3
C-frame-off,demo,Pulsar off,112,95,1.1
C-frame-off,demo,Pulsar off,112,96,1.2
C-frame-off,demo,Pulsar off,112,97,1.7
C-frame-off,demo,Pulsar off,112,98,1.5
C-frame-off,demo,Pulsar off,112,99,1.1
C-frame-off,demo,Pulsar off,112,100,1.2
C-frame-off,demo,Pulsar off,112,101,1.1
C-frame-off,demo,Pulsar off,112,102,1.2
C-frame-off,demo,Pulsar off,112,103,1.4
C-frame-off,demo,Pulsar off,112,104,1.2
C-frame-off,demo,Pulsar off,112,105,1.1
C-frame-off,demo,Pulsar off,112,106,1.1
C-frame-off,demo,Pulsar off,112,107,1.6
C-frame-off,demo,Pulsar off,112,108,1.2
C-frame-off,demo,Pulsar off,112,109,1.2
C-frame-off,demo,Pulsar off,112,110,1.2
C-frame-off,demo,Pulsar off,112,111,0.8
C-frame-off,demo,Pulsar off,112,112,1.5
C-frame-off,demo,Pulsar off,112,113,1
C-frame-off,demo,Pulsar off,112,114,1
C-frame-off,demo,Pulsar off,112,115,1.3
C-frame-off,demo,Pulsar off,112,116,1.1
C-frame-off,demo,Pulsar off,112,117,1.2
C-frame-off,demo,Pulsar off,112,118,1.2
C-frame-off,demo,Pulsar off,112,119,1.2
C-frame-off,demo,Pulsar off,112,120,1.2
C-frame-off,demo,Pulsar off,112,121,1.1
C-frame-off,demo,Pulsar off,112,122,1
C-frame-off,demo,Pulsar off,112,123,1.4
C-frame-off,demo,Pulsar off,112,124,1.2
C-frame-off,demo,Pulsar off,112,125,1
C-frame-off,demo,Pulsar off,112,126,1.1
C-frame-off,demo,Pulsar off,112,127,1.3
C-frame-off,demo,Pulsar off,112,128,1.3
C-frame-off,demo,Pulsar off,112,129,1
C-frame-off,demo,Pulsar off,112,130,1.3
C-frame-off,demo,Pulsar off,112,131,1.3
C-frame-off,demo,Pulsar off,112,132,1.1
C-frame-off,demo,Pulsar off,112,133,1.4
C-frame-off,demo,Pulsar off,112,134,1.5
C-frame-off,demo,Pulsar off,112,135,1.1
C-frame-off,demo,Pulsar off,112,136,1.3
C-frame-off,demo,Pulsar off,112,137,1.1
C-frame-off,demo,Pulsar off,112,138,1.2
C-frame-off,demo,Pulsar off,112,139,1.7
C-frame-off,demo,Pulsar off,112,140,1.3
C-frame-off,demo,Pulsar off,112,141,1.2
C-frame-off,demo,Pulsar off,112,142,1
C-frame-off,demo,Pulsar off,112,143,1.3
C-frame-off,demo,Pulsar off,112,144,1.6
C-frame-off,demo,Pulsar off,112,145,1.1
C-frame-off,demo,Pulsar off,112,146,1
C-frame-off,demo,Pulsar off,112,147,1.3
C-frame-off,demo,Pulsar off,112,148,1.2
C-frame-off,demo,Pulsar off,112,149,1.3
C-frame-off,demo,Pulsar off,112,150,1.2
C-frame-off,demo,Pulsar off,112,151,1.2
C-frame-off,demo,Pulsar off,112,152,1.3
C-frame-off,demo,Pulsar off,112,153,1.2
C-frame-off,demo,Pulsar off,112,154,1.5
C-frame-off,demo,Pulsar off,112,155,1.2
C-frame-off,demo,Pulsar off,112,156,1.2
C-frame-off,demo,Pulsar off,112,157,1.3
C-frame-off,demo,Pulsar off,112,158,1.6
C-frame-off,demo,Pulsar off,112,159,1.1
C-frame-off,demo,Pulsar off,112,160,1.8
C-frame-off,demo,Pulsar off,112,161,1.4
C-frame-off,demo,Pulsar off,112,162,1.3
C-frame-off,demo,Pulsar off,112,163,1.1
C-frame-off,demo,Pulsar off,112,164,1.1
C-frame-off,demo,Pulsar off,112,165,1.6
C-frame-off,demo,Pulsar off,112,166,1.2
C-frame-off,demo,Pulsar off,112,167,1
C-frame-off,demo,Pulsar off,112,168,1.1
C-frame-off,demo,Pulsar off,112,169,1.1
C-frame-off,demo,Pulsar off,112,170,1.2
C-frame-off,demo,Pulsar off,112,171,1.2
C-frame-off,demo,Pulsar off,112,172,1.1
C-frame-off,demo,Pulsar off,112,173,1.2
C-frame-off,demo,Pulsar off,112,174,1.2
C-frame-off,demo,Pulsar off,112,175,1.4
C-frame-off,demo,Pulsar off,112,176,1.6
C-frame-off,demo,Pulsar off,112,177,1.1
C-frame-off,demo,Pulsar off,112,178,1.4
C-frame-off,demo,Pulsar off,112,179,1.1
C-frame-off,demo,Pulsar off,112,180,1.2
C-frame-off,demo,Pulsar off,112,181,1.2
C-frame-off,demo,Pulsar off,112,182,1.1
C-frame-off,demo,Pulsar off,112,183,1.2
C-frame-off,demo,Pulsar off,112,184,1.3
C-frame-off,demo,Pulsar off,112,185,1.3
C-frame-off,demo,Pulsar off,112,186,1.3
C-frame-off,demo,Pulsar off,112,187,1.2
C-frame-off,demo,Pulsar off,112,188,1
C-frame-off,demo,Pulsar off,112,189,1
C-frame-off,demo,Pulsar off,112,190,1.5
C-frame-off,demo,Pulsar off,112,191,1.4
C-frame-off,demo,Pulsar off,112,192,1.2
C-frame-off,demo,Pulsar off,112,193,1.3
C-frame-off,demo,Pulsar off,112,194,1.2
C-frame-off,demo,Pulsar off,112,195,1.3
C-frame-off,demo,Pulsar off,112,196,1.4
C-frame-off,demo,Pulsar off,112,197,1.2
C-frame-off,demo,Pulsar off,112,198,1.2
C-frame-off,demo,Pulsar off,112,199,1.3
1k-defaults-frame-on,bench 1k,1.38.0,1000,1,4.8
1k-defaults-frame-on,bench 1k,1.38.0,1000,2,4.6
1k-defaults-frame-on,bench 1k,1.38.0,1000,3,4.3
1k-defaults-frame-on,bench 1k,1.38.0,1000,4,4.5
1k-defaults-frame-on,bench 1k,1.38.0,1000,5,5.1
1k-defaults-frame-on,bench 1k,1.38.0,1000,6,5.8
1k-defaults-frame-on,bench 1k,1.38.0,1000,7,4
1k-defaults-frame-on,bench 1k,1.38.0,1000,8,4.6
1k-defaults-frame-on,bench 1k,1.38.0,1000,9,4.4
1k-defaults-frame-on,bench 1k,1.38.0,1000,10,5.2
1k-defaults-frame-on,bench 1k,1.38.0,1000,11,6
1k-defaults-frame-on,bench 1k,1.38.0,1000,12,4.3
1k-defaults-frame-on,bench 1k,1.38.0,1000,13,4.9
1k-defaults-frame-on,bench 1k,1.38.0,1000,14,4.7
1k-defaults-frame-on,bench 1k,1.38.0,1000,15,4
1k-defaults-frame-on,bench 1k,1.38.0,1000,16,5.5
1k-defaults-frame-on,bench 1k,1.38.0,1000,17,5.3
1k-defaults-frame-on,bench 1k,1.38.0,1000,18,3.9
1k-defaults-frame-on,bench 1k,1.38.0,1000,19,4.4
1k-defaults-frame-on,bench 1k,1.38.0,1000,20,4.1
1k-defaults-frame-on,bench 1k,1.38.0,1000,21,5.7
1k-defaults-frame-on,bench 1k,1.38.0,1000,22,6.2
1k-defaults-frame-on,bench 1k,1.38.0,1000,23,5.3
1k-defaults-frame-on,bench 1k,1.38.0,1000,24,4.3
1k-defaults-frame-on,bench 1k,1.38.0,1000,25,5.2
1k-defaults-frame-on,bench 1k,1.38.0,1000,26,4.7
1k-defaults-frame-on,bench 1k,1.38.0,1000,27,5.3
1k-defaults-frame-on,bench 1k,1.38.0,1000,28,4.9
1k-defaults-frame-on,bench 1k,1.38.0,1000,29,4.8
1k-defaults-frame-on,bench 1k,1.38.0,1000,30,4.9
1k-defaults-frame-on,bench 1k,1.38.0,1000,31,4.9
1k-defaults-frame-on,bench 1k,1.38.0,1000,32,4.5
1k-defaults-frame-on,bench 1k,1.38.0,1000,33,4.8
1k-defaults-frame-on,bench 1k,1.38.0,1000,34,4
1k-defaults-frame-on,bench 1k,1.38.0,1000,35,4.6
1k-defaults-frame-on,bench 1k,1.38.0,1000,36,5.3
1k-defaults-frame-on,bench 1k,1.38.0,1000,37,5
1k-defaults-frame-on,bench 1k,1.38.0,1000,38,4.7
1k-defaults-frame-on,bench 1k,1.38.0,1000,39,4.6
1k-defaults-frame-on,bench 1k,1.38.0,1000,40,5
1k-defaults-frame-on,bench 1k,1.38.0,1000,41,4.6
1k-defaults-frame-on,bench 1k,1.38.0,1000,42,5.8
1k-defaults-frame-on,bench 1k,1.38.0,1000,43,4.4
1k-defaults-frame-on,bench 1k,1.38.0,1000,44,4.4
1k-defaults-frame-on,bench 1k,1.38.0,1000,45,5.1
1k-defaults-frame-on,bench 1k,1.38.0,1000,46,4.5
1k-defaults-frame-on,bench 1k,1.38.0,1000,47,6.1
1k-defaults-frame-on,bench 1k,1.38.0,1000,48,4.2
1k-defaults-frame-on,bench 1k,1.38.0,1000,49,4.5
1k-defaults-frame-on,bench 1k,1.38.0,1000,50,4.6
1k-defaults-frame-on,bench 1k,1.38.0,1000,51,3.9
1k-defaults-frame-on,bench 1k,1.38.0,1000,52,7
1k-defaults-frame-on,bench 1k,1.38.0,1000,53,5.7
1k-defaults-frame-on,bench 1k,1.38.0,1000,54,4.6
1k-defaults-frame-on,bench 1k,1.38.0,1000,55,4.9
1k-defaults-frame-on,bench 1k,1.38.0,1000,56,4.6
1k-defaults-frame-on,bench 1k,1.38.0,1000,57,4.8
1k-defaults-frame-on,bench 1k,1.38.0,1000,58,6.8
1k-defaults-frame-on,bench 1k,1.38.0,1000,59,4.6
1k-defaults-frame-on,bench 1k,1.38.0,1000,60,5.1
1k-defaults-frame-on,bench 1k,1.38.0,1000,61,4.5
1k-defaults-frame-on,bench 1k,1.38.0,1000,62,4.4
1k-defaults-frame-on,bench 1k,1.38.0,1000,63,7.6
1k-defaults-frame-on,bench 1k,1.38.0,1000,64,3.9
1k-defaults-frame-on,bench 1k,1.38.0,1000,65,4.6
1k-defaults-frame-on,bench 1k,1.38.0,1000,66,5
1k-defaults-frame-on,bench 1k,1.38.0,1000,67,4.5
1k-defaults-frame-on,bench 1k,1.38.0,1000,68,6.8
1k-defaults-frame-on,bench 1k,1.38.0,1000,69,4.2
1k-defaults-frame-on,bench 1k,1.38.0,1000,70,5.7
1k-defaults-frame-on,bench 1k,1.38.0,1000,71,5.6
1k-defaults-frame-on,bench 1k,1.38.0,1000,72,4.7
1k-defaults-frame-on,bench 1k,1.38.0,1000,73,5.2
1k-defaults-frame-on,bench 1k,1.38.0,1000,74,4.9
1k-defaults-frame-on,bench 1k,1.38.0,1000,75,3.9
1k-defaults-frame-on,bench 1k,1.38.0,1000,76,4.4
1k-defaults-frame-on,bench 1k,1.38.0,1000,77,4.7
1k-defaults-frame-on,bench 1k,1.38.0,1000,78,5
1k-defaults-frame-on,bench 1k,1.38.0,1000,79,5.9
1k-defaults-frame-on,bench 1k,1.38.0,1000,80,4.4
1k-defaults-frame-on,bench 1k,1.38.0,1000,81,4.2
1k-defaults-frame-on,bench 1k,1.38.0,1000,82,4.3
1k-defaults-frame-on,bench 1k,1.38.0,1000,83,4.7
1k-defaults-frame-on,bench 1k,1.38.0,1000,84,5.4
1k-defaults-frame-on,bench 1k,1.38.0,1000,85,4.7
1k-defaults-frame-on,bench 1k,1.38.0,1000,86,4
1k-defaults-frame-on,bench 1k,1.38.0,1000,87,4.1
1k-defaults-frame-on,bench 1k,1.38.0,1000,88,4
1k-defaults-frame-on,bench 1k,1.38.0,1000,89,4.6
1k-defaults-frame-on,bench 1k,1.38.0,1000,90,3.8
1k-defaults-frame-on,bench 1k,1.38.0,1000,91,4.6
1k-defaults-frame-on,bench 1k,1.38.0,1000,92,3.8
1k-defaults-frame-on,bench 1k,1.38.0,1000,93,4.8
1k-defaults-frame-on,bench 1k,1.38.0,1000,94,5.4
1k-defaults-frame-on,bench 1k,1.38.0,1000,95,3.9
1k-defaults-frame-on,bench 1k,1.38.0,1000,96,4.9
1k-defaults-frame-on,bench 1k,1.38.0,1000,97,3.7
1k-defaults-frame-on,bench 1k,1.38.0,1000,98,4.2
1k-defaults-frame-on,bench 1k,1.38.0,1000,99,4.7
1k-defaults-frame-on,bench 1k,1.38.0,1000,100,4
1k-defaults-frame-on,bench 1k,1.38.0,1000,101,4
1k-defaults-frame-on,bench 1k,1.38.0,1000,102,4
1k-defaults-frame-on,bench 1k,1.38.0,1000,103,4.1
1k-defaults-frame-on,bench 1k,1.38.0,1000,104,4.5
1k-defaults-frame-on,bench 1k,1.38.0,1000,105,5
1k-defaults-frame-on,bench 1k,1.38.0,1000,106,4.6
1k-defaults-frame-on,bench 1k,1.38.0,1000,107,4.6
1k-defaults-frame-on,bench 1k,1.38.0,1000,108,3.8
1k-defaults-frame-on,bench 1k,1.38.0,1000,109,3.9
1k-defaults-frame-on,bench 1k,1.38.0,1000,110,5.5
1k-defaults-frame-on,bench 1k,1.38.0,1000,111,4.1
1k-defaults-frame-on,bench 1k,1.38.0,1000,112,4.3
1k-defaults-frame-on,bench 1k,1.38.0,1000,113,3.8
1k-defaults-frame-on,bench 1k,1.38.0,1000,114,4.3
1k-defaults-frame-on,bench 1k,1.38.0,1000,115,3.8
1k-defaults-frame-on,bench 1k,1.38.0,1000,116,5
1k-defaults-frame-on,bench 1k,1.38.0,1000,117,4.1
1k-defaults-frame-on,bench 1k,1.38.0,1000,118,4.3
1k-defaults-frame-on,bench 1k,1.38.0,1000,119,4.7
1k-defaults-frame-on,bench 1k,1.38.0,1000,120,4
1k-defaults-frame-off,bench 1k,Pulsar off,1000,1,3.8
1k-defaults-frame-off,bench 1k,Pulsar off,1000,2,4.2
1k-defaults-frame-off,bench 1k,Pulsar off,1000,3,4.2
1k-defaults-frame-off,bench 1k,Pulsar off,1000,4,5.4
1k-defaults-frame-off,bench 1k,Pulsar off,1000,5,4.3
1k-defaults-frame-off,bench 1k,Pulsar off,1000,6,4
1k-defaults-frame-off,bench 1k,Pulsar off,1000,7,3.9
1k-defaults-frame-off,bench 1k,Pulsar off,1000,8,3.9
1k-defaults-frame-off,bench 1k,Pulsar off,1000,9,4.8
1k-defaults-frame-off,bench 1k,Pulsar off,1000,10,4
1k-defaults-frame-off,bench 1k,Pulsar off,1000,11,3.6
1k-defaults-frame-off,bench 1k,Pulsar off,1000,12,4.4
1k-defaults-frame-off,bench 1k,Pulsar off,1000,13,5.1
1k-defaults-frame-off,bench 1k,Pulsar off,1000,14,5.1
1k-defaults-frame-off,bench 1k,Pulsar off,1000,15,4.3
1k-defaults-frame-off,bench 1k,Pulsar off,1000,16,4
1k-defaults-frame-off,bench 1k,Pulsar off,1000,17,4.6
1k-defaults-frame-off,bench 1k,Pulsar off,1000,18,4.4
1k-defaults-frame-off,bench 1k,Pulsar off,1000,19,4
1k-defaults-frame-off,bench 1k,Pulsar off,1000,20,4.6
1k-defaults-frame-off,bench 1k,Pulsar off,1000,21,4.5
1k-defaults-frame-off,bench 1k,Pulsar off,1000,22,4.4
1k-defaults-frame-off,bench 1k,Pulsar off,1000,23,3.8
1k-defaults-frame-off,bench 1k,Pulsar off,1000,24,4.1
1k-defaults-frame-off,bench 1k,Pulsar off,1000,25,5.7
1k-defaults-frame-off,bench 1k,Pulsar off,1000,26,4.8
1k-defaults-frame-off,bench 1k,Pulsar off,1000,27,4
1k-defaults-frame-off,bench 1k,Pulsar off,1000,28,4.3
1k-defaults-frame-off,bench 1k,Pulsar off,1000,29,3.7
1k-defaults-frame-off,bench 1k,Pulsar off,1000,30,5.5
1k-defaults-frame-off,bench 1k,Pulsar off,1000,31,4.4
1k-defaults-frame-off,bench 1k,Pulsar off,1000,32,4.1
1k-defaults-frame-off,bench 1k,Pulsar off,1000,33,4.2
1k-defaults-frame-off,bench 1k,Pulsar off,1000,34,3.8
1k-defaults-frame-off,bench 1k,Pulsar off,1000,35,5.6
1k-defaults-frame-off,bench 1k,Pulsar off,1000,36,6
1k-defaults-frame-off,bench 1k,Pulsar off,1000,37,4.3
1k-defaults-frame-off,bench 1k,Pulsar off,1000,38,4.7
1k-defaults-frame-off,bench 1k,Pulsar off,1000,39,4.4
1k-defaults-frame-off,bench 1k,Pulsar off,1000,40,4.5
1k-defaults-frame-off,bench 1k,Pulsar off,1000,41,4.8
1k-defaults-frame-off,bench 1k,Pulsar off,1000,42,4.5
1k-defaults-frame-off,bench 1k,Pulsar off,1000,43,4
1k-defaults-frame-off,bench 1k,Pulsar off,1000,44,3.9
1k-defaults-frame-off,bench 1k,Pulsar off,1000,45,4.4
1k-defaults-frame-off,bench 1k,Pulsar off,1000,46,5.5
1k-defaults-frame-off,bench 1k,Pulsar off,1000,47,4.8
1k-defaults-frame-off,bench 1k,Pulsar off,1000,48,4.4
1k-defaults-frame-off,bench 1k,Pulsar off,1000,49,5
1k-defaults-frame-off,bench 1k,Pulsar off,1000,50,4
1k-defaults-frame-off,bench 1k,Pulsar off,1000,51,4.4
1k-defaults-frame-off,bench 1k,Pulsar off,1000,52,5
1k-defaults-frame-off,bench 1k,Pulsar off,1000,53,4.4
1k-defaults-frame-off,bench 1k,Pulsar off,1000,54,6.1
1k-defaults-frame-off,bench 1k,Pulsar off,1000,55,4.6
1k-defaults-frame-off,bench 1k,Pulsar off,1000,56,5.2
1k-defaults-frame-off,bench 1k,Pulsar off,1000,57,4.9
1k-defaults-frame-off,bench 1k,Pulsar off,1000,58,3.5
1k-defaults-frame-off,bench 1k,Pulsar off,1000,59,5.2
1k-defaults-frame-off,bench 1k,Pulsar off,1000,60,4.6
1k-defaults-frame-off,bench 1k,Pulsar off,1000,61,4.3
1k-defaults-frame-off,bench 1k,Pulsar off,1000,62,5.6
1k-defaults-frame-off,bench 1k,Pulsar off,1000,63,4.2
1k-defaults-frame-off,bench 1k,Pulsar off,1000,64,3.9
1k-defaults-frame-off,bench 1k,Pulsar off,1000,65,4.6
1k-defaults-frame-off,bench 1k,Pulsar off,1000,66,3.7
1k-defaults-frame-off,bench 1k,Pulsar off,1000,67,5.2
1k-defaults-frame-off,bench 1k,Pulsar off,1000,68,4
1k-defaults-frame-off,bench 1k,Pulsar off,1000,69,5.1
1k-defaults-frame-off,bench 1k,Pulsar off,1000,70,4.2
1k-defaults-frame-off,bench 1k,Pulsar off,1000,71,4.8
1k-defaults-frame-off,bench 1k,Pulsar off,1000,72,4.4
1k-defaults-frame-off,bench 1k,Pulsar off,1000,73,4.4
1k-defaults-frame-off,bench 1k,Pulsar off,1000,74,3.7
1k-defaults-frame-off,bench 1k,Pulsar off,1000,75,3.9
1k-defaults-frame-off,bench 1k,Pulsar off,1000,76,3.8
1k-defaults-frame-off,bench 1k,Pulsar off,1000,77,5
1k-defaults-frame-off,bench 1k,Pulsar off,1000,78,5
1k-defaults-frame-off,bench 1k,Pulsar off,1000,79,5.5
1k-defaults-frame-off,bench 1k,Pulsar off,1000,80,4.1
1k-defaults-frame-off,bench 1k,Pulsar off,1000,81,4.7
1k-defaults-frame-off,bench 1k,Pulsar off,1000,82,4.2
1k-defaults-frame-off,bench 1k,Pulsar off,1000,83,5.1
1k-defaults-frame-off,bench 1k,Pulsar off,1000,84,3.7
1k-defaults-frame-off,bench 1k,Pulsar off,1000,85,3.8
1k-defaults-frame-off,bench 1k,Pulsar off,1000,86,4.5
1k-defaults-frame-off,bench 1k,Pulsar off,1000,87,4.6
1k-defaults-frame-off,bench 1k,Pulsar off,1000,88,5.4
1k-defaults-frame-off,bench 1k,Pulsar off,1000,89,4.1
1k-defaults-frame-off,bench 1k,Pulsar off,1000,90,4.7
1k-defaults-frame-off,bench 1k,Pulsar off,1000,91,4.1
1k-defaults-frame-off,bench 1k,Pulsar off,1000,92,4.7
1k-defaults-frame-off,bench 1k,Pulsar off,1000,93,5.6
1k-defaults-frame-off,bench 1k,Pulsar off,1000,94,4.4
1k-defaults-frame-off,bench 1k,Pulsar off,1000,95,4.2
1k-defaults-frame-off,bench 1k,Pulsar off,1000,96,3.5
1k-defaults-frame-off,bench 1k,Pulsar off,1000,97,3.7
1k-defaults-frame-off,bench 1k,Pulsar off,1000,98,6.6
1k-defaults-frame-off,bench 1k,Pulsar off,1000,99,4
1k-defaults-frame-off,bench 1k,Pulsar off,1000,100,4.2
1k-defaults-frame-off,bench 1k,Pulsar off,1000,101,3.7
1k-defaults-frame-off,bench 1k,Pulsar off,1000,102,3.8
1k-defaults-frame-off,bench 1k,Pulsar off,1000,103,5.7
1k-defaults-frame-off,bench 1k,Pulsar off,1000,104,5.2
1k-defaults-frame-off,bench 1k,Pulsar off,1000,105,4
1k-defaults-frame-off,bench 1k,Pulsar off,1000,106,4
1k-defaults-frame-off,bench 1k,Pulsar off,1000,107,3.9
1k-defaults-frame-off,bench 1k,Pulsar off,1000,108,5.1
1k-defaults-frame-off,bench 1k,Pulsar off,1000,109,5
1k-defaults-frame-off,bench 1k,Pulsar off,1000,110,4.4
1k-defaults-frame-off,bench 1k,Pulsar off,1000,111,4
1k-defaults-frame-off,bench 1k,Pulsar off,1000,112,4.4
1k-defaults-frame-off,bench 1k,Pulsar off,1000,113,4.7
1k-defaults-frame-off,bench 1k,Pulsar off,1000,114,5.1
1k-defaults-frame-off,bench 1k,Pulsar off,1000,115,3.6
1k-defaults-frame-off,bench 1k,Pulsar off,1000,116,4
1k-defaults-frame-off,bench 1k,Pulsar off,1000,117,3.8
1k-defaults-frame-off,bench 1k,Pulsar off,1000,118,4.2
1k-defaults-frame-off,bench 1k,Pulsar off,1000,119,4.7
1k-defaults-frame-off,bench 1k,Pulsar off,1000,120,4.2
5k-defaults-frame-on,bench 5k,1.38.0,5000,1,22.9
5k-defaults-frame-on,bench 5k,1.38.0,5000,2,23.9
5k-defaults-frame-on,bench 5k,1.38.0,5000,3,22.4
5k-defaults-frame-on,bench 5k,1.38.0,5000,4,20.9
5k-defaults-frame-on,bench 5k,1.38.0,5000,5,23.1
5k-defaults-frame-on,bench 5k,1.38.0,5000,6,25.3
5k-defaults-frame-on,bench 5k,1.38.0,5000,7,24.2
5k-defaults-frame-on,bench 5k,1.38.0,5000,8,22.2
5k-defaults-frame-on,bench 5k,1.38.0,5000,9,22.7
5k-defaults-frame-on,bench 5k,1.38.0,5000,10,23.7
5k-defaults-frame-on,bench 5k,1.38.0,5000,11,24.1
5k-defaults-frame-on,bench 5k,1.38.0,5000,12,21.8
5k-defaults-frame-on,bench 5k,1.38.0,5000,13,23.9
5k-defaults-frame-on,bench 5k,1.38.0,5000,14,21.9
5k-defaults-frame-on,bench 5k,1.38.0,5000,15,24.8
5k-defaults-frame-on,bench 5k,1.38.0,5000,16,25.2
5k-defaults-frame-on,bench 5k,1.38.0,5000,17,22
5k-defaults-frame-on,bench 5k,1.38.0,5000,18,22.4
5k-defaults-frame-on,bench 5k,1.38.0,5000,19,23.1
5k-defaults-frame-on,bench 5k,1.38.0,5000,20,21.5
5k-defaults-frame-on,bench 5k,1.38.0,5000,21,23
5k-defaults-frame-on,bench 5k,1.38.0,5000,22,22.6
5k-defaults-frame-on,bench 5k,1.38.0,5000,23,21.5
5k-defaults-frame-on,bench 5k,1.38.0,5000,24,21
5k-defaults-frame-on,bench 5k,1.38.0,5000,25,24.5
5k-defaults-frame-on,bench 5k,1.38.0,5000,26,26.2
5k-defaults-frame-on,bench 5k,1.38.0,5000,27,22.6
5k-defaults-frame-on,bench 5k,1.38.0,5000,28,21.8
5k-defaults-frame-on,bench 5k,1.38.0,5000,29,22.4
5k-defaults-frame-on,bench 5k,1.38.0,5000,30,23.5
5k-defaults-frame-on,bench 5k,1.38.0,5000,31,21.9
5k-defaults-frame-on,bench 5k,1.38.0,5000,32,25
5k-defaults-frame-on,bench 5k,1.38.0,5000,33,21.6
5k-defaults-frame-on,bench 5k,1.38.0,5000,34,22.9
5k-defaults-frame-on,bench 5k,1.38.0,5000,35,22.2
5k-defaults-frame-on,bench 5k,1.38.0,5000,36,22.1
5k-defaults-frame-on,bench 5k,1.38.0,5000,37,22.4
5k-defaults-frame-on,bench 5k,1.38.0,5000,38,22.2
5k-defaults-frame-on,bench 5k,1.38.0,5000,39,22.2
5k-defaults-frame-on,bench 5k,1.38.0,5000,40,21.1
5k-defaults-frame-on,bench 5k,1.38.0,5000,41,23
5k-defaults-frame-on,bench 5k,1.38.0,5000,42,22.2
5k-defaults-frame-on,bench 5k,1.38.0,5000,43,21.2
5k-defaults-frame-on,bench 5k,1.38.0,5000,44,21.9
5k-defaults-frame-on,bench 5k,1.38.0,5000,45,23.1
5k-defaults-frame-on,bench 5k,1.38.0,5000,46,24.7
5k-defaults-frame-on,bench 5k,1.38.0,5000,47,23.7
5k-defaults-frame-on,bench 5k,1.38.0,5000,48,25.1
5k-defaults-frame-on,bench 5k,1.38.0,5000,49,25.1
5k-defaults-frame-on,bench 5k,1.38.0,5000,50,24.7
5k-defaults-frame-on,bench 5k,1.38.0,5000,51,26.6
5k-defaults-frame-on,bench 5k,1.38.0,5000,52,22.8
5k-defaults-frame-on,bench 5k,1.38.0,5000,53,21.8
5k-defaults-frame-on,bench 5k,1.38.0,5000,54,25.3
5k-defaults-frame-on,bench 5k,1.38.0,5000,55,25.4
5k-defaults-frame-on,bench 5k,1.38.0,5000,56,23.7
5k-defaults-frame-on,bench 5k,1.38.0,5000,57,25.7
5k-defaults-frame-on,bench 5k,1.38.0,5000,58,26.8
5k-defaults-frame-on,bench 5k,1.38.0,5000,59,23.6
5k-defaults-frame-on,bench 5k,1.38.0,5000,60,25.7
5k-defaults-frame-on,bench 5k,1.38.0,5000,61,23.6
5k-defaults-frame-on,bench 5k,1.38.0,5000,62,23
5k-defaults-frame-on,bench 5k,1.38.0,5000,63,19.8
5k-defaults-frame-on,bench 5k,1.38.0,5000,64,22.9
5k-defaults-frame-on,bench 5k,1.38.0,5000,65,23.6
5k-defaults-frame-on,bench 5k,1.38.0,5000,66,24
5k-defaults-frame-on,bench 5k,1.38.0,5000,67,26.4
5k-defaults-frame-on,bench 5k,1.38.0,5000,68,23.2
5k-defaults-frame-on,bench 5k,1.38.0,5000,69,27.5
5k-defaults-frame-on,bench 5k,1.38.0,5000,70,24.7
5k-defaults-frame-on,bench 5k,1.38.0,5000,71,25
5k-defaults-frame-on,bench 5k,1.38.0,5000,72,26.8
5k-defaults-frame-on,bench 5k,1.38.0,5000,73,23.1
5k-defaults-frame-on,bench 5k,1.38.0,5000,74,27.1
5k-defaults-frame-on,bench 5k,1.38.0,5000,75,26
5k-defaults-frame-on,bench 5k,1.38.0,5000,76,25.3
5k-defaults-frame-on,bench 5k,1.38.0,5000,77,24.6
5k-defaults-frame-on,bench 5k,1.38.0,5000,78,22.8
5k-defaults-frame-on,bench 5k,1.38.0,5000,79,20.7
5k-defaults-frame-on,bench 5k,1.38.0,5000,80,24.1
5k-defaults-frame-on,bench 5k,1.38.0,5000,81,24.3
5k-defaults-frame-on,bench 5k,1.38.0,5000,82,24.6
5k-defaults-frame-on,bench 5k,1.38.0,5000,83,21.1
5k-defaults-frame-on,bench 5k,1.38.0,5000,84,24.5
5k-defaults-frame-on,bench 5k,1.38.0,5000,85,23
5k-defaults-frame-on,bench 5k,1.38.0,5000,86,22.8
5k-defaults-frame-on,bench 5k,1.38.0,5000,87,24.4
5k-defaults-frame-on,bench 5k,1.38.0,5000,88,23.7
5k-defaults-frame-on,bench 5k,1.38.0,5000,89,23.4
5k-defaults-frame-on,bench 5k,1.38.0,5000,90,22.8
5k-defaults-frame-on,bench 5k,1.38.0,5000,91,22.2
5k-defaults-frame-on,bench 5k,1.38.0,5000,92,23.7
5k-defaults-frame-on,bench 5k,1.38.0,5000,93,22.8
5k-defaults-frame-on,bench 5k,1.38.0,5000,94,23.4
5k-defaults-frame-on,bench 5k,1.38.0,5000,95,19.9
5k-defaults-frame-on,bench 5k,1.38.0,5000,96,26
5k-defaults-frame-on,bench 5k,1.38.0,5000,97,23.4
5k-defaults-frame-on,bench 5k,1.38.0,5000,98,24
5k-defaults-frame-on,bench 5k,1.38.0,5000,99,22.6
5k-defaults-frame-on,bench 5k,1.38.0,5000,100,24.9
5k-defaults-frame-on,bench 5k,1.38.0,5000,101,24.6
5k-defaults-frame-on,bench 5k,1.38.0,5000,102,24.9
5k-defaults-frame-on,bench 5k,1.38.0,5000,103,23.6
5k-defaults-frame-on,bench 5k,1.38.0,5000,104,21.8
5k-defaults-frame-on,bench 5k,1.38.0,5000,105,23.5
5k-defaults-frame-on,bench 5k,1.38.0,5000,106,22.9
5k-defaults-frame-on,bench 5k,1.38.0,5000,107,21.4
5k-defaults-frame-on,bench 5k,1.38.0,5000,108,25.2
5k-defaults-frame-on,bench 5k,1.38.0,5000,109,25.5
5k-defaults-frame-on,bench 5k,1.38.0,5000,110,24.8
5k-defaults-frame-on,bench 5k,1.38.0,5000,111,25.5
5k-defaults-frame-on,bench 5k,1.38.0,5000,112,25.5
5k-defaults-frame-on,bench 5k,1.38.0,5000,113,23.5
5k-defaults-frame-on,bench 5k,1.38.0,5000,114,24.3
5k-defaults-frame-on,bench 5k,1.38.0,5000,115,25.1
5k-defaults-frame-on,bench 5k,1.38.0,5000,116,25.7
5k-defaults-frame-on,bench 5k,1.38.0,5000,117,23.4
5k-defaults-frame-on,bench 5k,1.38.0,5000,118,26
5k-defaults-frame-on,bench 5k,1.38.0,5000,119,23.7
5k-defaults-frame-off,bench 5k,Pulsar off,5000,1,22.1
5k-defaults-frame-off,bench 5k,Pulsar off,5000,2,23.3
5k-defaults-frame-off,bench 5k,Pulsar off,5000,3,25.3
5k-defaults-frame-off,bench 5k,Pulsar off,5000,4,22.1
5k-defaults-frame-off,bench 5k,Pulsar off,5000,5,22.7
5k-defaults-frame-off,bench 5k,Pulsar off,5000,6,22.5
5k-defaults-frame-off,bench 5k,Pulsar off,5000,7,22.1
5k-defaults-frame-off,bench 5k,Pulsar off,5000,8,21.4
5k-defaults-frame-off,bench 5k,Pulsar off,5000,9,21.2
5k-defaults-frame-off,bench 5k,Pulsar off,5000,10,22.5
5k-defaults-frame-off,bench 5k,Pulsar off,5000,11,27.8
5k-defaults-frame-off,bench 5k,Pulsar off,5000,12,24.4
5k-defaults-frame-off,bench 5k,Pulsar off,5000,13,22.4
5k-defaults-frame-off,bench 5k,Pulsar off,5000,14,22.5
5k-defaults-frame-off,bench 5k,Pulsar off,5000,15,22.2
5k-defaults-frame-off,bench 5k,Pulsar off,5000,16,22.9
5k-defaults-frame-off,bench 5k,Pulsar off,5000,17,21.8
5k-defaults-frame-off,bench 5k,Pulsar off,5000,18,23.7
5k-defaults-frame-off,bench 5k,Pulsar off,5000,19,22.4
5k-defaults-frame-off,bench 5k,Pulsar off,5000,20,23.2
5k-defaults-frame-off,bench 5k,Pulsar off,5000,21,22.6
5k-defaults-frame-off,bench 5k,Pulsar off,5000,22,24.4
5k-defaults-frame-off,bench 5k,Pulsar off,5000,23,22.7
5k-defaults-frame-off,bench 5k,Pulsar off,5000,24,24.2
5k-defaults-frame-off,bench 5k,Pulsar off,5000,25,21.6
5k-defaults-frame-off,bench 5k,Pulsar off,5000,26,25.4
5k-defaults-frame-off,bench 5k,Pulsar off,5000,27,23.8
5k-defaults-frame-off,bench 5k,Pulsar off,5000,28,22.4
5k-defaults-frame-off,bench 5k,Pulsar off,5000,29,22.8
5k-defaults-frame-off,bench 5k,Pulsar off,5000,30,23.6
5k-defaults-frame-off,bench 5k,Pulsar off,5000,31,23.5
5k-defaults-frame-off,bench 5k,Pulsar off,5000,32,21.8
5k-defaults-frame-off,bench 5k,Pulsar off,5000,33,21.4
5k-defaults-frame-off,bench 5k,Pulsar off,5000,34,21.9
5k-defaults-frame-off,bench 5k,Pulsar off,5000,35,22.1
5k-defaults-frame-off,bench 5k,Pulsar off,5000,36,20.5
5k-defaults-frame-off,bench 5k,Pulsar off,5000,37,22
5k-defaults-frame-off,bench 5k,Pulsar off,5000,38,24.1
5k-defaults-frame-off,bench 5k,Pulsar off,5000,39,25.2
5k-defaults-frame-off,bench 5k,Pulsar off,5000,40,23.8
5k-defaults-frame-off,bench 5k,Pulsar off,5000,41,25.9
5k-defaults-frame-off,bench 5k,Pulsar off,5000,42,26.6
5k-defaults-frame-off,bench 5k,Pulsar off,5000,43,24.1
5k-defaults-frame-off,bench 5k,Pulsar off,5000,44,23.4
5k-defaults-frame-off,bench 5k,Pulsar off,5000,45,23
5k-defaults-frame-off,bench 5k,Pulsar off,5000,46,23.9
5k-defaults-frame-off,bench 5k,Pulsar off,5000,47,23.8
5k-defaults-frame-off,bench 5k,Pulsar off,5000,48,24.1
5k-defaults-frame-off,bench 5k,Pulsar off,5000,49,22.8
5k-defaults-frame-off,bench 5k,Pulsar off,5000,50,20.8
5k-defaults-frame-off,bench 5k,Pulsar off,5000,51,22.7
5k-defaults-frame-off,bench 5k,Pulsar off,5000,52,23.7
5k-defaults-frame-off,bench 5k,Pulsar off,5000,53,24.9
5k-defaults-frame-off,bench 5k,Pulsar off,5000,54,21
5k-defaults-frame-off,bench 5k,Pulsar off,5000,55,24.6
5k-defaults-frame-off,bench 5k,Pulsar off,5000,56,26.1
5k-defaults-frame-off,bench 5k,Pulsar off,5000,57,25.4
5k-defaults-frame-off,bench 5k,Pulsar off,5000,58,25.8
5k-defaults-frame-off,bench 5k,Pulsar off,5000,59,24.2
5k-defaults-frame-off,bench 5k,Pulsar off,5000,60,25.4
5k-defaults-frame-off,bench 5k,Pulsar off,5000,61,24.3
5k-defaults-frame-off,bench 5k,Pulsar off,5000,62,23.7
5k-defaults-frame-off,bench 5k,Pulsar off,5000,63,25
5k-defaults-frame-off,bench 5k,Pulsar off,5000,64,22.2
5k-defaults-frame-off,bench 5k,Pulsar off,5000,65,23.6
5k-defaults-frame-off,bench 5k,Pulsar off,5000,66,24.8
5k-defaults-frame-off,bench 5k,Pulsar off,5000,67,23.3
5k-defaults-frame-off,bench 5k,Pulsar off,5000,68,22.4
5k-defaults-frame-off,bench 5k,Pulsar off,5000,69,26.7
5k-defaults-frame-off,bench 5k,Pulsar off,5000,70,24.6
5k-defaults-frame-off,bench 5k,Pulsar off,5000,71,24.9
5k-defaults-frame-off,bench 5k,Pulsar off,5000,72,23.9
5k-defaults-frame-off,bench 5k,Pulsar off,5000,73,23.6
5k-defaults-frame-off,bench 5k,Pulsar off,5000,74,21.7
5k-defaults-frame-off,bench 5k,Pulsar off,5000,75,23
5k-defaults-frame-off,bench 5k,Pulsar off,5000,76,23.6
5k-defaults-frame-off,bench 5k,Pulsar off,5000,77,25
5k-defaults-frame-off,bench 5k,Pulsar off,5000,78,21.8
5k-defaults-frame-off,bench 5k,Pulsar off,5000,79,25
5k-defaults-frame-off,bench 5k,Pulsar off,5000,80,23.7
5k-defaults-frame-off,bench 5k,Pulsar off,5000,81,25.1
5k-defaults-frame-off,bench 5k,Pulsar off,5000,82,23
5k-defaults-frame-off,bench 5k,Pulsar off,5000,83,23.6
5k-defaults-frame-off,bench 5k,Pulsar off,5000,84,24
5k-defaults-frame-off,bench 5k,Pulsar off,5000,85,22.9
5k-defaults-frame-off,bench 5k,Pulsar off,5000,86,22.8
5k-defaults-frame-off,bench 5k,Pulsar off,5000,87,23.3
5k-defaults-frame-off,bench 5k,Pulsar off,5000,88,22.4
5k-defaults-frame-off,bench 5k,Pulsar off,5000,89,23.8
5k-defaults-frame-off,bench 5k,Pulsar off,5000,90,23.4
5k-defaults-frame-off,bench 5k,Pulsar off,5000,91,22
5k-defaults-frame-off,bench 5k,Pulsar off,5000,92,23.1
5k-defaults-frame-off,bench 5k,Pulsar off,5000,93,23.3
5k-defaults-frame-off,bench 5k,Pulsar off,5000,94,23.8
5k-defaults-frame-off,bench 5k,Pulsar off,5000,95,22
5k-defaults-frame-off,bench 5k,Pulsar off,5000,96,22.1
5k-defaults-frame-off,bench 5k,Pulsar off,5000,97,22.7
5k-defaults-frame-off,bench 5k,Pulsar off,5000,98,21.8
5k-defaults-frame-off,bench 5k,Pulsar off,5000,99,20
5k-defaults-frame-off,bench 5k,Pulsar off,5000,100,22.1
5k-defaults-frame-off,bench 5k,Pulsar off,5000,101,22.1
5k-defaults-frame-off,bench 5k,Pulsar off,5000,102,20.9
5k-defaults-frame-off,bench 5k,Pulsar off,5000,103,21
5k-defaults-frame-off,bench 5k,Pulsar off,5000,104,23.4
5k-defaults-frame-off,bench 5k,Pulsar off,5000,105,20
5k-defaults-frame-off,bench 5k,Pulsar off,5000,106,22.9
5k-defaults-frame-off,bench 5k,Pulsar off,5000,107,23.5
5k-defaults-frame-off,bench 5k,Pulsar off,5000,108,24.8
5k-defaults-frame-off,bench 5k,Pulsar off,5000,109,23.5
5k-defaults-frame-off,bench 5k,Pulsar off,5000,110,23.6
5k-defaults-frame-off,bench 5k,Pulsar off,5000,111,22.4
5k-defaults-frame-off,bench 5k,Pulsar off,5000,112,24.3
5k-defaults-frame-off,bench 5k,Pulsar off,5000,113,24.3
5k-defaults-frame-off,bench 5k,Pulsar off,5000,114,21.7
5k-defaults-frame-off,bench 5k,Pulsar off,5000,115,24.8
5k-defaults-frame-off,bench 5k,Pulsar off,5000,116,24.1
5k-defaults-frame-off,bench 5k,Pulsar off,5000,117,22.6
5k-defaults-frame-off,bench 5k,Pulsar off,5000,118,22.4
5k-defaults-frame-off,bench 5k,Pulsar off,5000,119,23.2
20k-defaults-frame-on,bench 20k,1.38.0,20000,1,114.3
20k-defaults-frame-on,bench 20k,1.38.0,20000,2,103.9
20k-defaults-frame-on,bench 20k,1.38.0,20000,3,109.7
20k-defaults-frame-on,bench 20k,1.38.0,20000,4,111.9
20k-defaults-frame-on,bench 20k,1.38.0,20000,5,113
20k-defaults-frame-on,bench 20k,1.38.0,20000,6,107.2
20k-defaults-frame-on,bench 20k,1.38.0,20000,7,106.5
20k-defaults-frame-on,bench 20k,1.38.0,20000,8,112.6
20k-defaults-frame-on,bench 20k,1.38.0,20000,9,97.4
20k-defaults-frame-on,bench 20k,1.38.0,20000,10,99.7
20k-defaults-frame-on,bench 20k,1.38.0,20000,11,106.2
20k-defaults-frame-on,bench 20k,1.38.0,20000,12,101.7
20k-defaults-frame-on,bench 20k,1.38.0,20000,13,100.5
20k-defaults-frame-on,bench 20k,1.38.0,20000,14,98.7
20k-defaults-frame-on,bench 20k,1.38.0,20000,15,100.1
20k-defaults-frame-on,bench 20k,1.38.0,20000,16,102.1
20k-defaults-frame-on,bench 20k,1.38.0,20000,17,103.8
20k-defaults-frame-on,bench 20k,1.38.0,20000,18,95.6
20k-defaults-frame-on,bench 20k,1.38.0,20000,19,115.7
20k-defaults-frame-on,bench 20k,1.38.0,20000,20,121.7
20k-defaults-frame-on,bench 20k,1.38.0,20000,21,141.3
20k-defaults-frame-on,bench 20k,1.38.0,20000,22,96.7
20k-defaults-frame-on,bench 20k,1.38.0,20000,23,102.9
20k-defaults-frame-on,bench 20k,1.38.0,20000,24,106
20k-defaults-frame-on,bench 20k,1.38.0,20000,25,103.5
20k-defaults-frame-on,bench 20k,1.38.0,20000,26,105.9
20k-defaults-frame-on,bench 20k,1.38.0,20000,27,102.7
20k-defaults-frame-on,bench 20k,1.38.0,20000,28,103.1
20k-defaults-frame-on,bench 20k,1.38.0,20000,29,102.5
20k-defaults-frame-on,bench 20k,1.38.0,20000,30,104.7
20k-defaults-frame-on,bench 20k,1.38.0,20000,31,102.4
20k-defaults-frame-on,bench 20k,1.38.0,20000,32,105
20k-defaults-frame-on,bench 20k,1.38.0,20000,33,102.7
20k-defaults-frame-on,bench 20k,1.38.0,20000,34,105.2
20k-defaults-frame-on,bench 20k,1.38.0,20000,35,99.7
20k-defaults-frame-on,bench 20k,1.38.0,20000,36,103.1
20k-defaults-frame-on,bench 20k,1.38.0,20000,37,96.7
20k-defaults-frame-on,bench 20k,1.38.0,20000,38,95.7
20k-defaults-frame-on,bench 20k,1.38.0,20000,39,92.8
20k-defaults-frame-on,bench 20k,1.38.0,20000,40,97.3
20k-defaults-frame-on,bench 20k,1.38.0,20000,41,98.7
20k-defaults-frame-on,bench 20k,1.38.0,20000,42,94
20k-defaults-frame-on,bench 20k,1.38.0,20000,43,97
20k-defaults-frame-on,bench 20k,1.38.0,20000,44,95.8
20k-defaults-frame-on,bench 20k,1.38.0,20000,45,92.2
20k-defaults-frame-on,bench 20k,1.38.0,20000,46,101
20k-defaults-frame-on,bench 20k,1.38.0,20000,47,96.9
20k-defaults-frame-on,bench 20k,1.38.0,20000,48,100.6
20k-defaults-frame-on,bench 20k,1.38.0,20000,49,99
20k-defaults-frame-on,bench 20k,1.38.0,20000,50,99.8
20k-defaults-frame-on,bench 20k,1.38.0,20000,51,94.5
20k-defaults-frame-on,bench 20k,1.38.0,20000,52,93.8
20k-defaults-frame-on,bench 20k,1.38.0,20000,53,97.1
20k-defaults-frame-on,bench 20k,1.38.0,20000,54,104.7
20k-defaults-frame-on,bench 20k,1.38.0,20000,55,103
20k-defaults-frame-on,bench 20k,1.38.0,20000,56,104.5
20k-defaults-frame-on,bench 20k,1.38.0,20000,57,107.3
20k-defaults-frame-on,bench 20k,1.38.0,20000,58,106.1
20k-defaults-frame-on,bench 20k,1.38.0,20000,59,101.1
20k-defaults-frame-off,bench 20k,Pulsar off,20000,1,106.3
20k-defaults-frame-off,bench 20k,Pulsar off,20000,2,102.5
20k-defaults-frame-off,bench 20k,Pulsar off,20000,3,104.6
20k-defaults-frame-off,bench 20k,Pulsar off,20000,4,103.3
20k-defaults-frame-off,bench 20k,Pulsar off,20000,5,105.8
20k-defaults-frame-off,bench 20k,Pulsar off,20000,6,112.1
20k-defaults-frame-off,bench 20k,Pulsar off,20000,7,110
20k-defaults-frame-off,bench 20k,Pulsar off,20000,8,104
20k-defaults-frame-off,bench 20k,Pulsar off,20000,9,105.4
20k-defaults-frame-off,bench 20k,Pulsar off,20000,10,95.1
20k-defaults-frame-off,bench 20k,Pulsar off,20000,11,93.3
20k-defaults-frame-off,bench 20k,Pulsar off,20000,12,98.5
20k-defaults-frame-off,bench 20k,Pulsar off,20000,13,92.8
20k-defaults-frame-off,bench 20k,Pulsar off,20000,14,92.3
20k-defaults-frame-off,bench 20k,Pulsar off,20000,15,93.2
20k-defaults-frame-off,bench 20k,Pulsar off,20000,16,93.4
20k-defaults-frame-off,bench 20k,Pulsar off,20000,17,97.1
20k-defaults-frame-off,bench 20k,Pulsar off,20000,18,94.9
20k-defaults-frame-off,bench 20k,Pulsar off,20000,19,92.3
20k-defaults-frame-off,bench 20k,Pulsar off,20000,20,96.7
20k-defaults-frame-off,bench 20k,Pulsar off,20000,21,102.5
20k-defaults-frame-off,bench 20k,Pulsar off,20000,22,105.1
20k-defaults-frame-off,bench 20k,Pulsar off,20000,23,100.8
20k-defaults-frame-off,bench 20k,Pulsar off,20000,24,95.1
20k-defaults-frame-off,bench 20k,Pulsar off,20000,25,100.7
20k-defaults-frame-off,bench 20k,Pulsar off,20000,26,94.5
20k-defaults-frame-off,bench 20k,Pulsar off,20000,27,95
20k-defaults-frame-off,bench 20k,Pulsar off,20000,28,92.7
20k-defaults-frame-off,bench 20k,Pulsar off,20000,29,94.1
20k-defaults-frame-off,bench 20k,Pulsar off,20000,30,92.7
20k-defaults-frame-off,bench 20k,Pulsar off,20000,31,92.2
20k-defaults-frame-off,bench 20k,Pulsar off,20000,32,97.3
20k-defaults-frame-off,bench 20k,Pulsar off,20000,33,97.4
20k-defaults-frame-off,bench 20k,Pulsar off,20000,34,97.7
20k-defaults-frame-off,bench 20k,Pulsar off,20000,35,100.2
20k-defaults-frame-off,bench 20k,Pulsar off,20000,36,95.5
20k-defaults-frame-off,bench 20k,Pulsar off,20000,37,98.4
20k-defaults-frame-off,bench 20k,Pulsar off,20000,38,96.8
20k-defaults-frame-off,bench 20k,Pulsar off,20000,39,93.4
20k-defaults-frame-off,bench 20k,Pulsar off,20000,40,92.6
20k-defaults-frame-off,bench 20k,Pulsar off,20000,41,100.2
20k-defaults-frame-off,bench 20k,Pulsar off,20000,42,96.5
20k-defaults-frame-off,bench 20k,Pulsar off,20000,43,97.3
20k-defaults-frame-off,bench 20k,Pulsar off,20000,44,94.8
20k-defaults-frame-off,bench 20k,Pulsar off,20000,45,99.3
20k-defaults-frame-off,bench 20k,Pulsar off,20000,46,98.6
20k-defaults-frame-off,bench 20k,Pulsar off,20000,47,94.8
20k-defaults-frame-off,bench 20k,Pulsar off,20000,48,94.9
20k-defaults-frame-off,bench 20k,Pulsar off,20000,49,95.9
20k-defaults-frame-off,bench 20k,Pulsar off,20000,50,92.9
20k-defaults-frame-off,bench 20k,Pulsar off,20000,51,95.7
20k-defaults-frame-off,bench 20k,Pulsar off,20000,52,99.1
20k-defaults-frame-off,bench 20k,Pulsar off,20000,53,107
20k-defaults-frame-off,bench 20k,Pulsar off,20000,54,94.3
20k-defaults-frame-off,bench 20k,Pulsar off,20000,55,94.7
20k-defaults-frame-off,bench 20k,Pulsar off,20000,56,99.7
20k-defaults-frame-off,bench 20k,Pulsar off,20000,57,108.3
20k-defaults-frame-off,bench 20k,Pulsar off,20000,58,101.8
20k-defaults-frame-off,bench 20k,Pulsar off,20000,59,112.1
1k-his-frame-on,bench 1k,"1.38.0, author's settings",209,1,1.2
1k-his-frame-on,bench 1k,"1.38.0, author's settings",209,2,0.9
1k-his-frame-on,bench 1k,"1.38.0, author's settings",209,3,1
1k-his-frame-on,bench 1k,"1.38.0, author's settings",209,4,1.1
1k-his-frame-on,bench 1k,"1.38.0, author's settings",209,5,1.1
1k-his-frame-on,bench 1k,"1.38.0, author's settings",209,6,1.4
1k-his-frame-on,bench 1k,"1.38.0, author's settings",209,7,1.1
1k-his-frame-on,bench 1k,"1.38.0, author's settings",209,8,1.1
1k-his-frame-on,bench 1k,"1.38.0, author's settings",209,9,1.1
1k-his-frame-on,bench 1k,"1.38.0, author's settings",209,10,0.9
1k-his-frame-on,bench 1k,"1.38.0, author's settings",209,11,1.2
1k-his-frame-on,bench 1k,"1.38.0, author's settings",209,12,1
1k-his-frame-on,bench 1k,"1.38.0, author's settings",209,13,0.9
1k-his-frame-on,bench 1k,"1.38.0, author's settings",209,14,1
1k-his-frame-on,bench 1k,"1.38.0, author's settings",209,15,0.9
1k-his-frame-on,bench 1k,"1.38.0, author's settings",209,16,1
1k-his-frame-on,bench 1k,"1.38.0, author's settings",209,17,1
1k-his-frame-on,bench 1k,"1.38.0, author's settings",209,18,0.9
1k-his-frame-on,bench 1k,"1.38.0, author's settings",209,19,0.9
1k-his-frame-on,bench 1k,"1.38.0, author's settings",209,20,1
1k-his-frame-on,bench 1k,"1.38.0, author's settings",209,21,1
1k-his-frame-on,bench 1k,"1.38.0, author's settings",209,22,0.8
1k-his-frame-on,bench 1k,"1.38.0, author's settings",209,23,1.1
1k-his-frame-on,bench 1k,"1.38.0, author's settings",209,24,0.9
1k-his-frame-on,bench 1k,"1.38.0, author's settings",209,25,1.1
1k-his-frame-on,bench 1k,"1.38.0, author's settings",209,26,1
1k-his-frame-on,bench 1k,"1.38.0, author's settings",209,27,1
1k-his-frame-on,bench 1k,"1.38.0, author's settings",209,28,1.7
1k-his-frame-on,bench 1k,"1.38.0, author's settings",209,29,1.1
1k-his-frame-on,bench 1k,"1.38.0, author's settings",209,30,0.9
1k-his-frame-on,bench 1k,"1.38.0, author's settings",209,31,0.8
1k-his-frame-on,bench 1k,"1.38.0, author's settings",209,32,1.1
1k-his-frame-on,bench 1k,"1.38.0, author's settings",209,33,1.1
1k-his-frame-on,bench 1k,"1.38.0, author's settings",209,34,1
1k-his-frame-on,bench 1k,"1.38.0, author's settings",209,35,1
1k-his-frame-on,bench 1k,"1.38.0, author's settings",209,36,0.8
1k-his-frame-on,bench 1k,"1.38.0, author's settings",209,37,1
1k-his-frame-on,bench 1k,"1.38.0, author's settings",209,38,1.2
1k-his-frame-on,bench 1k,"1.38.0, author's settings",209,39,1.1
1k-his-frame-on,bench 1k,"1.38.0, author's settings",209,40,0.9
1k-his-frame-on,bench 1k,"1.38.0, author's settings",209,41,0.7
1k-his-frame-on,bench 1k,"1.38.0, author's settings",209,42,1.2
1k-his-frame-on,bench 1k,"1.38.0, author's settings",209,43,1.1
1k-his-frame-on,bench 1k,"1.38.0, author's settings",209,44,0.9
1k-his-frame-on,bench 1k,"1.38.0, author's settings",209,45,0.9
1k-his-frame-on,bench 1k,"1.38.0, author's settings",209,46,0.9
1k-his-frame-on,bench 1k,"1.38.0, author's settings",209,47,1
1k-his-frame-on,bench 1k,"1.38.0, author's settings",209,48,1.1
1k-his-frame-on,bench 1k,"1.38.0, author's settings",209,49,1.2
1k-his-frame-on,bench 1k,"1.38.0, author's settings",209,50,1
1k-his-frame-on,bench 1k,"1.38.0, author's settings",209,51,0.8
1k-his-frame-on,bench 1k,"1.38.0, author's settings",209,52,1
1k-his-frame-on,bench 1k,"1.38.0, author's settings",209,53,1
1k-his-frame-on,bench 1k,"1.38.0, author's settings",209,54,1
1k-his-frame-on,bench 1k,"1.38.0, author's settings",209,55,0.9
1k-his-frame-on,bench 1k,"1.38.0, author's settings",209,56,1
1k-his-frame-on,bench 1k,"1.38.0, author's settings",209,57,1
1k-his-frame-on,bench 1k,"1.38.0, author's settings",209,58,1.2
1k-his-frame-on,bench 1k,"1.38.0, author's settings",209,59,1
1k-his-frame-on,bench 1k,"1.38.0, author's settings",209,60,1
1k-his-frame-on,bench 1k,"1.38.0, author's settings",209,61,0.8
1k-his-frame-on,bench 1k,"1.38.0, author's settings",209,62,1
1k-his-frame-on,bench 1k,"1.38.0, author's settings",209,63,0.9
1k-his-frame-on,bench 1k,"1.38.0, author's settings",209,64,1.1
1k-his-frame-on,bench 1k,"1.38.0, author's settings",209,65,0.8
1k-his-frame-on,bench 1k,"1.38.0, author's settings",209,66,1
1k-his-frame-on,bench 1k,"1.38.0, author's settings",209,67,1.4
1k-his-frame-on,bench 1k,"1.38.0, author's settings",209,68,1.1
1k-his-frame-on,bench 1k,"1.38.0, author's settings",209,69,1
1k-his-frame-on,bench 1k,"1.38.0, author's settings",209,70,1.6
1k-his-frame-on,bench 1k,"1.38.0, author's settings",209,71,0.9
1k-his-frame-on,bench 1k,"1.38.0, author's settings",209,72,1.1
1k-his-frame-on,bench 1k,"1.38.0, author's settings",209,73,0.9
1k-his-frame-on,bench 1k,"1.38.0, author's settings",209,74,0.9
1k-his-frame-on,bench 1k,"1.38.0, author's settings",209,75,1.7
1k-his-frame-on,bench 1k,"1.38.0, author's settings",209,76,1.1
1k-his-frame-on,bench 1k,"1.38.0, author's settings",209,77,0.8
1k-his-frame-on,bench 1k,"1.38.0, author's settings",209,78,1
1k-his-frame-on,bench 1k,"1.38.0, author's settings",209,79,1
1k-his-frame-on,bench 1k,"1.38.0, author's settings",209,80,0.9
1k-his-frame-on,bench 1k,"1.38.0, author's settings",209,81,1.3
1k-his-frame-on,bench 1k,"1.38.0, author's settings",209,82,1.1
1k-his-frame-on,bench 1k,"1.38.0, author's settings",209,83,1.1
1k-his-frame-on,bench 1k,"1.38.0, author's settings",209,84,1.1
1k-his-frame-on,bench 1k,"1.38.0, author's settings",209,85,1
1k-his-frame-on,bench 1k,"1.38.0, author's settings",209,86,1.2
1k-his-frame-on,bench 1k,"1.38.0, author's settings",209,87,0.9
1k-his-frame-on,bench 1k,"1.38.0, author's settings",209,88,0.9
1k-his-frame-on,bench 1k,"1.38.0, author's settings",209,89,1.2
1k-his-frame-on,bench 1k,"1.38.0, author's settings",209,90,0.9
1k-his-frame-on,bench 1k,"1.38.0, author's settings",209,91,1.1
1k-his-frame-on,bench 1k,"1.38.0, author's settings",209,92,0.9
1k-his-frame-on,bench 1k,"1.38.0, author's settings",209,93,0.8
1k-his-frame-on,bench 1k,"1.38.0, author's settings",209,94,1.1
1k-his-frame-on,bench 1k,"1.38.0, author's settings",209,95,1
1k-his-frame-on,bench 1k,"1.38.0, author's settings",209,96,1.1
1k-his-frame-on,bench 1k,"1.38.0, author's settings",209,97,1
1k-his-frame-on,bench 1k,"1.38.0, author's settings",209,98,0.9
1k-his-frame-on,bench 1k,"1.38.0, author's settings",209,99,1
1k-his-frame-on,bench 1k,"1.38.0, author's settings",209,100,1.1
1k-his-frame-on,bench 1k,"1.38.0, author's settings",209,101,1.1
1k-his-frame-on,bench 1k,"1.38.0, author's settings",209,102,1.1
1k-his-frame-on,bench 1k,"1.38.0, author's settings",209,103,1.2
1k-his-frame-on,bench 1k,"1.38.0, author's settings",209,104,1.1
1k-his-frame-on,bench 1k,"1.38.0, author's settings",209,105,1.2
1k-his-frame-on,bench 1k,"1.38.0, author's settings",209,106,1.1
1k-his-frame-on,bench 1k,"1.38.0, author's settings",209,107,1.1
1k-his-frame-on,bench 1k,"1.38.0, author's settings",209,108,0.9
1k-his-frame-on,bench 1k,"1.38.0, author's settings",209,109,1
1k-his-frame-on,bench 1k,"1.38.0, author's settings",209,110,0.9
1k-his-frame-on,bench 1k,"1.38.0, author's settings",209,111,1
1k-his-frame-on,bench 1k,"1.38.0, author's settings",209,112,1.9
1k-his-frame-on,bench 1k,"1.38.0, author's settings",209,113,1
1k-his-frame-on,bench 1k,"1.38.0, author's settings",209,114,1
1k-his-frame-on,bench 1k,"1.38.0, author's settings",209,115,1.2
1k-his-frame-on,bench 1k,"1.38.0, author's settings",209,116,1
1k-his-frame-on,bench 1k,"1.38.0, author's settings",209,117,1.1
1k-his-frame-on,bench 1k,"1.38.0, author's settings",209,118,1.2
1k-his-frame-on,bench 1k,"1.38.0, author's settings",209,119,0.9
1k-his-frame-on,bench 1k,"1.38.0, author's settings",209,120,1
20k-his-frame-on,bench 20k,"1.38.0, author's settings",4168,1,10.8
20k-his-frame-on,bench 20k,"1.38.0, author's settings",4168,2,10.3
20k-his-frame-on,bench 20k,"1.38.0, author's settings",4168,3,9.8
20k-his-frame-on,bench 20k,"1.38.0, author's settings",4168,4,9.6
20k-his-frame-on,bench 20k,"1.38.0, author's settings",4168,5,10.7
20k-his-frame-on,bench 20k,"1.38.0, author's settings",4168,6,8.9
20k-his-frame-on,bench 20k,"1.38.0, author's settings",4168,7,10.1
20k-his-frame-on,bench 20k,"1.38.0, author's settings",4168,8,10
20k-his-frame-on,bench 20k,"1.38.0, author's settings",4168,9,10.1
20k-his-frame-on,bench 20k,"1.38.0, author's settings",4168,10,12.6
20k-his-frame-on,bench 20k,"1.38.0, author's settings",4168,11,10
20k-his-frame-on,bench 20k,"1.38.0, author's settings",4168,12,13
20k-his-frame-on,bench 20k,"1.38.0, author's settings",4168,13,9.5
20k-his-frame-on,bench 20k,"1.38.0, author's settings",4168,14,8.7
20k-his-frame-on,bench 20k,"1.38.0, author's settings",4168,15,11
20k-his-frame-on,bench 20k,"1.38.0, author's settings",4168,16,9.1
20k-his-frame-on,bench 20k,"1.38.0, author's settings",4168,17,9.1
20k-his-frame-on,bench 20k,"1.38.0, author's settings",4168,18,9.2
20k-his-frame-on,bench 20k,"1.38.0, author's settings",4168,19,9.3
20k-his-frame-on,bench 20k,"1.38.0, author's settings",4168,20,10.6
20k-his-frame-on,bench 20k,"1.38.0, author's settings",4168,21,11.5
20k-his-frame-on,bench 20k,"1.38.0, author's settings",4168,22,8.4
20k-his-frame-on,bench 20k,"1.38.0, author's settings",4168,23,8.8
20k-his-frame-on,bench 20k,"1.38.0, author's settings",4168,24,7.6
20k-his-frame-on,bench 20k,"1.38.0, author's settings",4168,25,10.7
20k-his-frame-on,bench 20k,"1.38.0, author's settings",4168,26,10.6
20k-his-frame-on,bench 20k,"1.38.0, author's settings",4168,27,8.2
20k-his-frame-on,bench 20k,"1.38.0, author's settings",4168,28,10.6
20k-his-frame-on,bench 20k,"1.38.0, author's settings",4168,29,9.2
20k-his-frame-on,bench 20k,"1.38.0, author's settings",4168,30,8.8
20k-his-frame-on,bench 20k,"1.38.0, author's settings",4168,31,10.6
20k-his-frame-on,bench 20k,"1.38.0, author's settings",4168,32,9.1
20k-his-frame-on,bench 20k,"1.38.0, author's settings",4168,33,8.1
20k-his-frame-on,bench 20k,"1.38.0, author's settings",4168,34,12.1
20k-his-frame-on,bench 20k,"1.38.0, author's settings",4168,35,10.8
20k-his-frame-on,bench 20k,"1.38.0, author's settings",4168,36,10.8
20k-his-frame-on,bench 20k,"1.38.0, author's settings",4168,37,10.8
20k-his-frame-on,bench 20k,"1.38.0, author's settings",4168,38,7.9
20k-his-frame-on,bench 20k,"1.38.0, author's settings",4168,39,8.9
20k-his-frame-on,bench 20k,"1.38.0, author's settings",4168,40,12.2
20k-his-frame-on,bench 20k,"1.38.0, author's settings",4168,41,9.5
20k-his-frame-on,bench 20k,"1.38.0, author's settings",4168,42,10.8
20k-his-frame-on,bench 20k,"1.38.0, author's settings",4168,43,10.1
20k-his-frame-on,bench 20k,"1.38.0, author's settings",4168,44,10.7
20k-his-frame-on,bench 20k,"1.38.0, author's settings",4168,45,11
20k-his-frame-on,bench 20k,"1.38.0, author's settings",4168,46,9.8
20k-his-frame-on,bench 20k,"1.38.0, author's settings",4168,47,9.8
20k-his-frame-on,bench 20k,"1.38.0, author's settings",4168,48,11.3
20k-his-frame-on,bench 20k,"1.38.0, author's settings",4168,49,8.1
20k-his-frame-on,bench 20k,"1.38.0, author's settings",4168,50,10.2
20k-his-frame-on,bench 20k,"1.38.0, author's settings",4168,51,11.3
20k-his-frame-on,bench 20k,"1.38.0, author's settings",4168,52,11.4
20k-his-frame-on,bench 20k,"1.38.0, author's settings",4168,53,12.3
20k-his-frame-on,bench 20k,"1.38.0, author's settings",4168,54,9.6
20k-his-frame-on,bench 20k,"1.38.0, author's settings",4168,55,8.1
20k-his-frame-on,bench 20k,"1.38.0, author's settings",4168,56,9.7
20k-his-frame-on,bench 20k,"1.38.0, author's settings",4168,57,13
20k-his-frame-on,bench 20k,"1.38.0, author's settings",4168,58,9.5
20k-his-frame-on,bench 20k,"1.38.0, author's settings",4168,59,8
20k-his-frame-on,bench 20k,"1.38.0, author's settings",4168,60,8.7
P-20k-his-frame,bench 20k,"1.38.0, author's settings, under the profiler",4168,1,11
P-20k-his-frame,bench 20k,"1.38.0, author's settings, under the profiler",4168,2,10.4
P-20k-his-frame,bench 20k,"1.38.0, author's settings, under the profiler",4168,3,8.3
P-20k-his-frame,bench 20k,"1.38.0, author's settings, under the profiler",4168,4,9.4
P-20k-his-frame,bench 20k,"1.38.0, author's settings, under the profiler",4168,5,12.4
P-20k-his-frame,bench 20k,"1.38.0, author's settings, under the profiler",4168,6,8.7
P-20k-his-frame,bench 20k,"1.38.0, author's settings, under the profiler",4168,7,13.6
P-20k-his-frame,bench 20k,"1.38.0, author's settings, under the profiler",4168,8,10.1
P-20k-his-frame,bench 20k,"1.38.0, author's settings, under the profiler",4168,9,9
P-20k-his-frame,bench 20k,"1.38.0, author's settings, under the profiler",4168,10,12.2
P-20k-his-frame,bench 20k,"1.38.0, author's settings, under the profiler",4168,11,9.7
P-20k-his-frame,bench 20k,"1.38.0, author's settings, under the profiler",4168,12,10.5
P-20k-his-frame,bench 20k,"1.38.0, author's settings, under the profiler",4168,13,12.8
P-20k-his-frame,bench 20k,"1.38.0, author's settings, under the profiler",4168,14,9.7
P-20k-his-frame,bench 20k,"1.38.0, author's settings, under the profiler",4168,15,9
P-20k-his-frame,bench 20k,"1.38.0, author's settings, under the profiler",4168,16,10.9
P-20k-his-frame,bench 20k,"1.38.0, author's settings, under the profiler",4168,17,10.6
P-20k-his-frame,bench 20k,"1.38.0, author's settings, under the profiler",4168,18,11.4
P-20k-his-frame,bench 20k,"1.38.0, author's settings, under the profiler",4168,19,10
P-20k-his-frame,bench 20k,"1.38.0, author's settings, under the profiler",4168,20,10.4
P-20k-his-frame,bench 20k,"1.38.0, author's settings, under the profiler",4168,21,10.8
P-20k-his-frame,bench 20k,"1.38.0, author's settings, under the profiler",4168,22,11.1
P-20k-his-frame,bench 20k,"1.38.0, author's settings, under the profiler",4168,23,8.8
P-20k-his-frame,bench 20k,"1.38.0, author's settings, under the profiler",4168,24,10.9
P-20k-his-frame,bench 20k,"1.38.0, author's settings, under the profiler",4168,25,8.9
P-20k-his-frame,bench 20k,"1.38.0, author's settings, under the profiler",4168,26,8.3
P-20k-his-frame,bench 20k,"1.38.0, author's settings, under the profiler",4168,27,12.2
P-20k-his-frame,bench 20k,"1.38.0, author's settings, under the profiler",4168,28,10.2
P-20k-his-frame,bench 20k,"1.38.0, author's settings, under the profiler",4168,29,8.2
P-20k-his-frame,bench 20k,"1.38.0, author's settings, under the profiler",4168,30,11.4
P-20k-his-frame,bench 20k,"1.38.0, author's settings, under the profiler",4168,31,8.2
P-20k-his-frame,bench 20k,"1.38.0, author's settings, under the profiler",4168,32,8.6
P-20k-his-frame,bench 20k,"1.38.0, author's settings, under the profiler",4168,33,12.9
P-20k-his-frame,bench 20k,"1.38.0, author's settings, under the profiler",4168,34,9.7
P-20k-his-frame,bench 20k,"1.38.0, author's settings, under the profiler",4168,35,7.6
P-20k-his-frame,bench 20k,"1.38.0, author's settings, under the profiler",4168,36,10.6
P-20k-his-frame,bench 20k,"1.38.0, author's settings, under the profiler",4168,37,9.3
P-20k-his-frame,bench 20k,"1.38.0, author's settings, under the profiler",4168,38,8.1
P-20k-his-frame,bench 20k,"1.38.0, author's settings, under the profiler",4168,39,11
P-20k-his-frame,bench 20k,"1.38.0, author's settings, under the profiler",4168,40,10.5
P-20k-his-frame,bench 20k,"1.38.0, author's settings, under the profiler",4168,41,10
P-20k-his-frame,bench 20k,"1.38.0, author's settings, under the profiler",4168,42,10.8
P-20k-his-frame,bench 20k,"1.38.0, author's settings, under the profiler",4168,43,9.2
P-20k-his-frame,bench 20k,"1.38.0, author's settings, under the profiler",4168,44,9.7
P-20k-his-frame,bench 20k,"1.38.0, author's settings, under the profiler",4168,45,10.4
P-20k-his-frame,bench 20k,"1.38.0, author's settings, under the profiler",4168,46,8.3
P-20k-his-frame,bench 20k,"1.38.0, author's settings, under the profiler",4168,47,9
P-20k-his-frame,bench 20k,"1.38.0, author's settings, under the profiler",4168,48,10.5
P-20k-his-frame,bench 20k,"1.38.0, author's settings, under the profiler",4168,49,10.3
P-20k-his-frame,bench 20k,"1.38.0, author's settings, under the profiler",4168,50,9.7
P-20k-his-frame,bench 20k,"1.38.0, author's settings, under the profiler",4168,51,11.6
P-20k-his-frame,bench 20k,"1.38.0, author's settings, under the profiler",4168,52,9.4
P-20k-his-frame,bench 20k,"1.38.0, author's settings, under the profiler",4168,53,9.6
P-20k-his-frame,bench 20k,"1.38.0, author's settings, under the profiler",4168,54,11.2
P-20k-his-frame,bench 20k,"1.38.0, author's settings, under the profiler",4168,55,8.5
P-20k-his-frame,bench 20k,"1.38.0, author's settings, under the profiler",4168,56,10.7
P-20k-his-frame,bench 20k,"1.38.0, author's settings, under the profiler",4168,57,10.8
P-20k-his-frame,bench 20k,"1.38.0, author's settings, under the profiler",4168,58,8
P-20k-his-frame,bench 20k,"1.38.0, author's settings, under the profiler",4168,59,9
P-20k-his-frame,bench 20k,"1.38.0, author's settings, under the profiler",4168,60,9.9
P-20k-his-frame,bench 20k,"1.38.0, author's settings, under the profiler",4168,61,9.7
P-20k-his-frame,bench 20k,"1.38.0, author's settings, under the profiler",4168,62,8.5
P-20k-his-frame,bench 20k,"1.38.0, author's settings, under the profiler",4168,63,10.7
P-20k-his-frame,bench 20k,"1.38.0, author's settings, under the profiler",4168,64,8.8
P-20k-his-frame,bench 20k,"1.38.0, author's settings, under the profiler",4168,65,8.5
P-20k-his-frame,bench 20k,"1.38.0, author's settings, under the profiler",4168,66,11
P-20k-his-frame,bench 20k,"1.38.0, author's settings, under the profiler",4168,67,9.7
P-20k-his-frame,bench 20k,"1.38.0, author's settings, under the profiler",4168,68,7.7
P-20k-his-frame,bench 20k,"1.38.0, author's settings, under the profiler",4168,69,10.9
P-20k-his-frame,bench 20k,"1.38.0, author's settings, under the profiler",4168,70,10.1
P-20k-his-frame,bench 20k,"1.38.0, author's settings, under the profiler",4168,71,9.1
P-20k-his-frame,bench 20k,"1.38.0, author's settings, under the profiler",4168,72,11.7
P-20k-his-frame,bench 20k,"1.38.0, author's settings, under the profiler",4168,73,9.7
P-20k-his-frame,bench 20k,"1.38.0, author's settings, under the profiler",4168,74,9.2
P-20k-his-frame,bench 20k,"1.38.0, author's settings, under the profiler",4168,75,12.2
P-20k-his-frame,bench 20k,"1.38.0, author's settings, under the profiler",4168,76,8.5
P-20k-his-frame,bench 20k,"1.38.0, author's settings, under the profiler",4168,77,9.3
P-20k-his-frame,bench 20k,"1.38.0, author's settings, under the profiler",4168,78,10.7
P-20k-his-frame,bench 20k,"1.38.0, author's settings, under the profiler",4168,79,8.5
P-20k-his-frame,bench 20k,"1.38.0, author's settings, under the profiler",4168,80,10.2
P-20k-his-frame,bench 20k,"1.38.0, author's settings, under the profiler",4168,81,11.2
P-20k-his-frame,bench 20k,"1.38.0, author's settings, under the profiler",4168,82,8.8
P-20k-his-frame,bench 20k,"1.38.0, author's settings, under the profiler",4168,83,8.7
P-20k-his-frame,bench 20k,"1.38.0, author's settings, under the profiler",4168,84,11.1
P-20k-his-frame,bench 20k,"1.38.0, author's settings, under the profiler",4168,85,9.7
P-20k-his-frame,bench 20k,"1.38.0, author's settings, under the profiler",4168,86,9.5
P-20k-his-frame,bench 20k,"1.38.0, author's settings, under the profiler",4168,87,11.1
P-20k-his-frame,bench 20k,"1.38.0, author's settings, under the profiler",4168,88,9.2
P-20k-his-frame,bench 20k,"1.38.0, author's settings, under the profiler",4168,89,10.1
P-20k-his-frame,bench 20k,"1.38.0, author's settings, under the profiler",4168,90,10.7
P-20k-his-frame,bench 20k,"1.38.0, author's settings, under the profiler",4168,91,8.3
P-20k-his-frame,bench 20k,"1.38.0, author's settings, under the profiler",4168,92,10.7
P-20k-his-frame,bench 20k,"1.38.0, author's settings, under the profiler",4168,93,11.9
P-20k-his-frame,bench 20k,"1.38.0, author's settings, under the profiler",4168,94,9.2
P-20k-his-frame,bench 20k,"1.38.0, author's settings, under the profiler",4168,95,8.5
P-20k-his-frame,bench 20k,"1.38.0, author's settings, under the profiler",4168,96,11.1
P-20k-his-frame,bench 20k,"1.38.0, author's settings, under the profiler",4168,97,8.6
P-20k-his-frame,bench 20k,"1.38.0, author's settings, under the profiler",4168,98,8.7
P-20k-his-frame,bench 20k,"1.38.0, author's settings, under the profiler",4168,99,11.9
P-20k-his-frame,bench 20k,"1.38.0, author's settings, under the profiler",4168,100,8.4
P-20k-his-frame,bench 20k,"1.38.0, author's settings, under the profiler",4168,101,9
P-20k-his-frame,bench 20k,"1.38.0, author's settings, under the profiler",4168,102,11.4
P-20k-his-frame,bench 20k,"1.38.0, author's settings, under the profiler",4168,103,9.7
P-20k-his-frame,bench 20k,"1.38.0, author's settings, under the profiler",4168,104,8.9
P-20k-his-frame,bench 20k,"1.38.0, author's settings, under the profiler",4168,105,11.1
P-20k-his-frame,bench 20k,"1.38.0, author's settings, under the profiler",4168,106,9
P-20k-his-frame,bench 20k,"1.38.0, author's settings, under the profiler",4168,107,9.2
P-20k-his-frame,bench 20k,"1.38.0, author's settings, under the profiler",4168,108,12
P-20k-his-frame,bench 20k,"1.38.0, author's settings, under the profiler",4168,109,8.8
P-20k-his-frame,bench 20k,"1.38.0, author's settings, under the profiler",4168,110,8
P-20k-his-frame,bench 20k,"1.38.0, author's settings, under the profiler",4168,111,12.3
P-20k-his-frame,bench 20k,"1.38.0, author's settings, under the profiler",4168,112,9.5
P-20k-his-frame,bench 20k,"1.38.0, author's settings, under the profiler",4168,113,8.1
P-20k-his-frame,bench 20k,"1.38.0, author's settings, under the profiler",4168,114,12.2
P-20k-his-frame,bench 20k,"1.38.0, author's settings, under the profiler",4168,115,9.5
P-20k-his-frame,bench 20k,"1.38.0, author's settings, under the profiler",4168,116,9.8
P-20k-his-frame,bench 20k,"1.38.0, author's settings, under the profiler",4168,117,10.7
P-20k-his-frame,bench 20k,"1.38.0, author's settings, under the profiler",4168,118,10.3
P-20k-his-frame,bench 20k,"1.38.0, author's settings, under the profiler",4168,119,8.3
P-20k-his-frame,bench 20k,"1.38.0, author's settings, under the profiler",4168,120,12.6
P-20k-his-frame,bench 20k,"1.38.0, author's settings, under the profiler",4168,121,7.1
