label,build,round,keystroke,ms
INK-master-1,#113,1,1,3.7
INK-master-1,#113,1,2,1
INK-master-1,#113,1,3,0.5
INK-master-1,#113,1,4,0.4
INK-master-1,#113,1,5,0.4
INK-master-1,#113,1,6,0.3
INK-master-1,#113,1,7,0.3
INK-master-1,#113,1,8,0.3
INK-master-1,#113,1,9,0.4
INK-master-1,#113,1,10,0.3
INK-master-1,#113,1,11,0.3
INK-master-1,#113,1,12,0.3
INK-master-1,#113,1,13,0.3
INK-master-1,#113,1,14,0.4
INK-master-1,#113,1,15,0.3
INK-master-1,#113,1,16,0.4
INK-master-1,#113,1,17,0.3
INK-master-1,#113,1,18,0.3
INK-master-1,#113,1,19,0.3
INK-master-1,#113,1,20,0.4
INK-master-1,#113,1,21,0.6
INK-master-1,#113,1,22,0.5
INK-master-1,#113,1,23,0.4
INK-master-1,#113,1,24,0.5
INK-master-1,#113,1,25,0.3
INK-master-1,#113,1,26,0.5
INK-master-1,#113,1,27,0.4
INK-master-1,#113,1,28,0.5
INK-master-1,#113,1,29,0.3
INK-master-1,#113,1,30,0.5
INK-master-1,#113,1,31,0.3
INK-master-1,#113,1,32,0.5
INK-master-1,#113,1,33,0.3
INK-master-1,#113,1,34,0.4
INK-master-1,#113,1,35,0.9
INK-master-1,#113,1,36,0.6
INK-master-1,#113,1,37,0.4
INK-master-1,#113,1,38,0.6
INK-master-1,#113,1,39,0.5
INK-master-1,#113,1,40,0.6
INK-master-1,#113,1,41,0.8
INK-master-1,#113,1,42,0.7
INK-master-1,#113,1,43,0.3
INK-master-1,#113,1,44,0.4
INK-master-1,#113,1,45,0.5
INK-master-1,#113,1,46,0.4
INK-master-1,#113,1,47,0.9
INK-master-1,#113,1,48,0.3
INK-master-1,#113,1,49,0.4
INK-master-1,#113,1,50,0.3
INK-master-1,#113,1,51,0.4
INK-master-1,#113,1,52,0.5
INK-master-1,#113,1,53,0.3
INK-master-1,#113,1,54,0.4
INK-master-1,#113,1,55,0.3
INK-master-1,#113,1,56,0.3
INK-master-1,#113,1,57,0.4
INK-master-1,#113,1,58,0.4
INK-master-1,#113,1,59,0.3
INK-master-1,#113,1,60,0.4
INK-master-1,#113,1,61,1.1
INK-master-1,#113,1,62,0.6
INK-master-1,#113,1,63,0.4
INK-master-1,#113,1,64,0.4
INK-master-1,#113,1,65,0.3
INK-master-1,#113,1,66,0.6
INK-master-1,#113,1,67,0.3
INK-master-1,#113,1,68,0.3
INK-master-1,#113,1,69,0.3
INK-master-1,#113,1,70,0.4
INK-master-1,#113,1,71,0.7
INK-master-1,#113,1,72,0.5
INK-master-1,#113,1,73,0.6
INK-master-1,#113,1,74,0.6
INK-master-1,#113,1,75,0.3
INK-master-1,#113,1,76,0.4
INK-master-1,#113,1,77,0.4
INK-master-1,#113,1,78,0.5
INK-master-1,#113,1,79,1
INK-master-1,#113,1,80,1.4
INK-master-1,#113,1,81,1
INK-master-1,#113,1,82,0.5
INK-master-1,#113,1,83,0.6
INK-master-1,#113,1,84,0.6
INK-master-1,#113,1,85,1.1
INK-master-1,#113,1,86,0.4
INK-master-1,#113,1,87,0.4
INK-master-1,#113,1,88,0.4
INK-master-1,#113,1,89,0.4
INK-master-1,#113,1,90,0.4
INK-master-1,#113,1,91,0.4
INK-master-1,#113,1,92,0.4
INK-master-1,#113,1,93,0.4
INK-master-1,#113,1,94,0.5
INK-master-1,#113,1,95,0.4
INK-master-1,#113,1,96,0.3
INK-master-1,#113,1,97,0.4
INK-master-1,#113,1,98,0.2
INK-master-1,#113,1,99,0.4
INK-master-1,#113,1,100,0.3
INK-master-1,#113,1,101,0.8
INK-master-1,#113,1,102,0.3
INK-master-1,#113,1,103,0.3
INK-master-1,#113,1,104,0.4
INK-master-1,#113,1,105,0.3
INK-master-1,#113,1,106,0.3
INK-master-1,#113,1,107,0.2
INK-master-1,#113,1,108,0.2
INK-master-1,#113,1,109,0.3
INK-master-1,#113,1,110,0.2
INK-master-1,#113,1,111,0.4
INK-master-1,#113,1,112,0.4
INK-master-1,#113,1,113,0.3
INK-master-1,#113,1,114,0.4
INK-master-1,#113,1,115,0.4
INK-master-1,#113,1,116,0.3
INK-master-1,#113,1,117,0.3
INK-master-1,#113,1,118,0.3
INK-master-1,#113,1,119,0.9
INK-master-1,#113,1,120,0.4
INK-master-1,#113,1,121,0.9
INK-master-1,#113,1,122,0.4
INK-master-1,#113,1,123,0.4
INK-master-1,#113,1,124,0.4
INK-master-1,#113,1,125,0.3
INK-master-1,#113,1,126,0.3
INK-master-1,#113,1,127,0.2
INK-master-1,#113,1,128,0.3
INK-master-1,#113,1,129,0.6
INK-master-1,#113,1,130,0.5
INK-master-1,#113,1,131,0.3
INK-master-1,#113,1,132,0.5
INK-master-1,#113,1,133,0.5
INK-master-1,#113,1,134,0.5
INK-master-1,#113,1,135,0.4
INK-master-1,#113,1,136,0.4
INK-master-1,#113,1,137,0.5
INK-master-1,#113,1,138,0.4
INK-master-1,#113,1,139,0.3
INK-master-1,#113,1,140,0.5
INK-master-1,#113,1,141,0.8
INK-master-1,#113,1,142,0.3
INK-master-1,#113,1,143,0.4
INK-master-1,#113,1,144,0.4
INK-master-1,#113,1,145,0.4
INK-master-1,#113,1,146,0.3
INK-master-1,#113,1,147,0.4
INK-master-1,#113,1,148,0.4
INK-master-1,#113,1,149,0.4
INK-master-1,#113,1,150,0.4
INK-master-1,#113,1,151,0.8
INK-master-1,#113,1,152,0.4
INK-master-1,#113,1,153,0.5
INK-master-1,#113,1,154,0.3
INK-master-1,#113,1,155,0.3
INK-master-1,#113,1,156,0.4
INK-master-1,#113,1,157,0.4
INK-master-1,#113,1,158,0.3
INK-master-1,#113,1,159,0.4
INK-master-1,#113,1,160,0.4
INK-master-1,#113,1,161,0.8
INK-master-1,#113,1,162,0.5
INK-master-1,#113,1,163,0.4
INK-master-1,#113,1,164,0.4
INK-master-1,#113,1,165,0.5
INK-master-1,#113,1,166,0.5
INK-master-1,#113,1,167,0.3
INK-master-1,#113,1,168,0.4
INK-master-1,#113,1,169,0.4
INK-master-1,#113,1,170,0.5
INK-master-1,#113,1,171,0.3
INK-master-1,#113,1,172,0.4
INK-master-1,#113,1,173,0.6
INK-master-1,#113,1,174,0.3
INK-master-1,#113,1,175,0.3
INK-master-1,#113,1,176,0.3
INK-master-1,#113,1,177,0.4
INK-master-1,#113,1,178,0.3
INK-master-1,#113,1,179,0.3
INK-master-1,#113,1,180,0.8
INK-master-1,#113,1,181,1.5
INK-master-1,#113,1,182,0.5
INK-master-1,#113,1,183,0.5
INK-master-1,#113,1,184,0.4
INK-master-1,#113,1,185,0.4
INK-master-1,#113,1,186,0.5
INK-master-1,#113,1,187,0.2
INK-master-1,#113,1,188,0.4
INK-master-1,#113,1,189,0.4
INK-master-1,#113,1,190,0.3
INK-master-1,#113,1,191,0.3
INK-master-1,#113,1,192,0.4
INK-master-1,#113,1,193,0.4
INK-master-1,#113,1,194,0.3
INK-master-1,#113,1,195,0.4
INK-master-1,#113,1,196,0.3
INK-master-1,#113,1,197,0.4
INK-master-1,#113,1,198,0.6
INK-master-1,#113,1,199,0.4
INK-master-1,#113,1,200,0.6
INK-master-1,#113,1,201,0.8
INK-master-1,#113,1,202,0.5
INK-master-1,#113,1,203,0.3
INK-master-1,#113,1,204,0.4
INK-master-1,#113,1,205,0.3
INK-master-1,#113,1,206,0.4
INK-master-1,#113,1,207,0.3
INK-master-1,#113,1,208,0.3
INK-master-1,#113,1,209,1.4
INK-master-1,#113,1,210,0.5
INK-master-1,#113,1,211,0.4
INK-master-1,#113,1,212,0.4
INK-master-1,#113,1,213,0.4
INK-master-1,#113,1,214,0.3
INK-master-1,#113,1,215,0.4
INK-master-1,#113,1,216,0.3
INK-master-1,#113,1,217,0.4
INK-master-1,#113,1,218,0.3
INK-master-1,#113,1,219,0.4
INK-master-1,#113,1,220,0.4
INK-master-1,#113,1,221,0.8
INK-master-1,#113,1,222,0.5
INK-master-1,#113,1,223,0.5
INK-master-1,#113,1,224,0.4
INK-master-1,#113,1,225,0.4
INK-master-1,#113,1,226,0.2
INK-master-1,#113,1,227,0.3
INK-master-1,#113,1,228,0.2
INK-master-1,#113,1,229,0.3
INK-master-1,#113,1,230,0.4
INK-master-1,#113,1,231,0.3
INK-master-1,#113,1,232,0.4
INK-master-1,#113,1,233,0.3
INK-master-1,#113,1,234,0.4
INK-master-1,#113,1,235,0.2
INK-master-1,#113,1,236,0.4
INK-master-1,#113,1,237,0.9
INK-master-1,#113,1,238,0.3
INK-master-1,#113,1,239,0.3
INK-master-1,#113,1,240,0.3
INK-master-1,#113,1,241,0.7
INK-master-1,#113,1,242,0.5
INK-master-1,#113,1,243,0.4
INK-master-1,#113,1,244,0.4
INK-master-1,#113,1,245,0.2
INK-master-1,#113,1,246,0.3
INK-master-1,#113,1,247,0.1
INK-master-1,#113,1,248,0.4
INK-master-1,#113,1,249,0.4
INK-master-1,#113,1,250,0.2
INK-master-1,#113,1,251,0.7
INK-master-1,#113,1,252,0.8
INK-master-1,#113,1,253,0.8
INK-master-1,#113,1,254,0.9
INK-master-1,#113,1,255,0.8
INK-master-1,#113,1,256,0.5
INK-master-1,#113,1,257,0.3
INK-master-1,#113,1,258,0.3
INK-master-1,#113,1,259,0.5
INK-master-1,#113,1,260,0.3
INK-master-1,#113,1,261,1.1
INK-master-1,#113,1,262,0.7
INK-master-1,#113,1,263,1
INK-master-1,#113,1,264,0.5
INK-master-1,#113,1,265,0.4
INK-master-1,#113,1,266,0.4
INK-master-1,#113,1,267,0.4
INK-master-1,#113,1,268,0.3
INK-master-1,#113,1,269,0.5
INK-master-1,#113,1,270,0.5
INK-master-1,#113,1,271,0.3
INK-master-1,#113,1,272,0.3
INK-master-1,#113,1,273,0.3
INK-master-1,#113,1,274,0.3
INK-master-1,#113,1,275,0.4
INK-master-1,#113,1,276,0.4
INK-master-1,#113,1,277,0.3
INK-master-1,#113,1,278,0.5
INK-master-1,#113,1,279,0.2
INK-master-1,#113,1,280,0.3
INK-master-1,#113,1,281,0.9
INK-master-1,#113,1,282,0.6
INK-master-1,#113,1,283,0.5
INK-master-1,#113,1,284,0.4
INK-master-1,#113,1,285,0.4
INK-master-1,#113,1,286,0.3
INK-master-1,#113,1,287,0.4
INK-master-1,#113,1,288,0.2
INK-master-1,#113,1,289,0.5
INK-master-1,#113,1,290,0.5
INK-master-1,#113,1,291,0.3
INK-master-1,#113,1,292,0.3
INK-master-1,#113,1,293,0.3
INK-master-1,#113,1,294,0.4
INK-master-1,#113,1,295,0.5
INK-master-1,#113,1,296,0.4
INK-master-1,#113,1,297,0.4
INK-master-1,#113,1,298,0.3
INK-master-1,#113,1,299,0.3
INK-master-1,#113,1,300,0.4
INK-inkstatus-1,#114,1,1,2.2
INK-inkstatus-1,#114,1,2,0.5
INK-inkstatus-1,#114,1,3,0.3
INK-inkstatus-1,#114,1,4,0.3
INK-inkstatus-1,#114,1,5,0.3
INK-inkstatus-1,#114,1,6,0.2
INK-inkstatus-1,#114,1,7,0.3
INK-inkstatus-1,#114,1,8,0.2
INK-inkstatus-1,#114,1,9,0.2
INK-inkstatus-1,#114,1,10,0.2
INK-inkstatus-1,#114,1,11,0.3
INK-inkstatus-1,#114,1,12,0.2
INK-inkstatus-1,#114,1,13,0.3
INK-inkstatus-1,#114,1,14,0.3
INK-inkstatus-1,#114,1,15,0.1
INK-inkstatus-1,#114,1,16,0.4
INK-inkstatus-1,#114,1,17,0.2
INK-inkstatus-1,#114,1,18,0.3
INK-inkstatus-1,#114,1,19,0.5
INK-inkstatus-1,#114,1,20,0.4
INK-inkstatus-1,#114,1,21,0.7
INK-inkstatus-1,#114,1,22,0.3
INK-inkstatus-1,#114,1,23,0.3
INK-inkstatus-1,#114,1,24,0.3
INK-inkstatus-1,#114,1,25,0.1
INK-inkstatus-1,#114,1,26,0.6
INK-inkstatus-1,#114,1,27,0.4
INK-inkstatus-1,#114,1,28,0.3
INK-inkstatus-1,#114,1,29,0.3
INK-inkstatus-1,#114,1,30,0.3
INK-inkstatus-1,#114,1,31,0.4
INK-inkstatus-1,#114,1,32,0.2
INK-inkstatus-1,#114,1,33,0.4
INK-inkstatus-1,#114,1,34,0.2
INK-inkstatus-1,#114,1,35,0.2
INK-inkstatus-1,#114,1,36,0.2
INK-inkstatus-1,#114,1,37,0.3
INK-inkstatus-1,#114,1,38,0.3
INK-inkstatus-1,#114,1,39,0.2
INK-inkstatus-1,#114,1,40,0.3
INK-inkstatus-1,#114,1,41,0.9
INK-inkstatus-1,#114,1,42,0.5
INK-inkstatus-1,#114,1,43,0.3
INK-inkstatus-1,#114,1,44,0.3
INK-inkstatus-1,#114,1,45,0.3
INK-inkstatus-1,#114,1,46,0.3
INK-inkstatus-1,#114,1,47,0.4
INK-inkstatus-1,#114,1,48,0.2
INK-inkstatus-1,#114,1,49,0.2
INK-inkstatus-1,#114,1,50,0.2
INK-inkstatus-1,#114,1,51,0.3
INK-inkstatus-1,#114,1,52,0.3
INK-inkstatus-1,#114,1,53,0.3
INK-inkstatus-1,#114,1,54,0.4
INK-inkstatus-1,#114,1,55,0.2
INK-inkstatus-1,#114,1,56,0.3
INK-inkstatus-1,#114,1,57,0.2
INK-inkstatus-1,#114,1,58,0.2
INK-inkstatus-1,#114,1,59,0.2
INK-inkstatus-1,#114,1,60,0.3
INK-inkstatus-1,#114,1,61,0.8
INK-inkstatus-1,#114,1,62,0.3
INK-inkstatus-1,#114,1,63,0.3
INK-inkstatus-1,#114,1,64,0.4
INK-inkstatus-1,#114,1,65,0.3
INK-inkstatus-1,#114,1,66,0.3
INK-inkstatus-1,#114,1,67,0.2
INK-inkstatus-1,#114,1,68,0.3
INK-inkstatus-1,#114,1,69,0.3
INK-inkstatus-1,#114,1,70,0.3
INK-inkstatus-1,#114,1,71,0.9
INK-inkstatus-1,#114,1,72,0.2
INK-inkstatus-1,#114,1,73,0.4
INK-inkstatus-1,#114,1,74,0.2
INK-inkstatus-1,#114,1,75,0.3
INK-inkstatus-1,#114,1,76,0.3
INK-inkstatus-1,#114,1,77,0.3
INK-inkstatus-1,#114,1,78,0.3
INK-inkstatus-1,#114,1,79,0.2
INK-inkstatus-1,#114,1,80,0.3
INK-inkstatus-1,#114,1,81,0.6
INK-inkstatus-1,#114,1,82,0.4
INK-inkstatus-1,#114,1,83,0.4
INK-inkstatus-1,#114,1,84,0.3
INK-inkstatus-1,#114,1,85,0.4
INK-inkstatus-1,#114,1,86,0.3
INK-inkstatus-1,#114,1,87,0.4
INK-inkstatus-1,#114,1,88,0.2
INK-inkstatus-1,#114,1,89,0.4
INK-inkstatus-1,#114,1,90,0.3
INK-inkstatus-1,#114,1,91,0.3
INK-inkstatus-1,#114,1,92,0.3
INK-inkstatus-1,#114,1,93,0.2
INK-inkstatus-1,#114,1,94,0.2
INK-inkstatus-1,#114,1,95,0.2
INK-inkstatus-1,#114,1,96,0.1
INK-inkstatus-1,#114,1,97,0.3
INK-inkstatus-1,#114,1,98,0.2
INK-inkstatus-1,#114,1,99,0.2
INK-inkstatus-1,#114,1,100,0.2
INK-inkstatus-1,#114,1,101,1.1
INK-inkstatus-1,#114,1,102,0.4
INK-inkstatus-1,#114,1,103,0.9
INK-inkstatus-1,#114,1,104,0.6
INK-inkstatus-1,#114,1,105,0.4
INK-inkstatus-1,#114,1,106,0.3
INK-inkstatus-1,#114,1,107,0.3
INK-inkstatus-1,#114,1,108,0.2
INK-inkstatus-1,#114,1,109,0.4
INK-inkstatus-1,#114,1,110,0.3
INK-inkstatus-1,#114,1,111,0.4
INK-inkstatus-1,#114,1,112,0.2
INK-inkstatus-1,#114,1,113,0.3
INK-inkstatus-1,#114,1,114,0.3
INK-inkstatus-1,#114,1,115,0.2
INK-inkstatus-1,#114,1,116,0.4
INK-inkstatus-1,#114,1,117,0.3
INK-inkstatus-1,#114,1,118,0.3
INK-inkstatus-1,#114,1,119,0.4
INK-inkstatus-1,#114,1,120,0.6
INK-inkstatus-1,#114,1,121,0.8
INK-inkstatus-1,#114,1,122,0.4
INK-inkstatus-1,#114,1,123,0.2
INK-inkstatus-1,#114,1,124,0.3
INK-inkstatus-1,#114,1,125,0.1
INK-inkstatus-1,#114,1,126,0.2
INK-inkstatus-1,#114,1,127,0.2
INK-inkstatus-1,#114,1,128,0.2
INK-inkstatus-1,#114,1,129,0.3
INK-inkstatus-1,#114,1,130,0.3
INK-inkstatus-1,#114,1,131,0.5
INK-inkstatus-1,#114,1,132,0.5
INK-inkstatus-1,#114,1,133,0.4
INK-inkstatus-1,#114,1,134,0.2
INK-inkstatus-1,#114,1,135,0.3
INK-inkstatus-1,#114,1,136,0.2
INK-inkstatus-1,#114,1,137,0.3
INK-inkstatus-1,#114,1,138,0.3
INK-inkstatus-1,#114,1,139,0.3
INK-inkstatus-1,#114,1,140,0.3
INK-inkstatus-1,#114,1,141,0.9
INK-inkstatus-1,#114,1,142,0.4
INK-inkstatus-1,#114,1,143,0.3
INK-inkstatus-1,#114,1,144,0.3
INK-inkstatus-1,#114,1,145,0.4
INK-inkstatus-1,#114,1,146,0.3
INK-inkstatus-1,#114,1,147,0.3
INK-inkstatus-1,#114,1,148,0.2
INK-inkstatus-1,#114,1,149,0.4
INK-inkstatus-1,#114,1,150,0.3
INK-inkstatus-1,#114,1,151,0.3
INK-inkstatus-1,#114,1,152,0.5
INK-inkstatus-1,#114,1,153,0.5
INK-inkstatus-1,#114,1,154,0.2
INK-inkstatus-1,#114,1,155,0.3
INK-inkstatus-1,#114,1,156,0.4
INK-inkstatus-1,#114,1,157,0.2
INK-inkstatus-1,#114,1,158,0.4
INK-inkstatus-1,#114,1,159,0.4
INK-inkstatus-1,#114,1,160,0.4
INK-inkstatus-1,#114,1,161,1
INK-inkstatus-1,#114,1,162,0.6
INK-inkstatus-1,#114,1,163,0.3
INK-inkstatus-1,#114,1,164,0.3
INK-inkstatus-1,#114,1,165,0.5
INK-inkstatus-1,#114,1,166,0.4
INK-inkstatus-1,#114,1,167,0.4
INK-inkstatus-1,#114,1,168,0.4
INK-inkstatus-1,#114,1,169,0.5
INK-inkstatus-1,#114,1,170,0.4
INK-inkstatus-1,#114,1,171,0.3
INK-inkstatus-1,#114,1,172,0.5
INK-inkstatus-1,#114,1,173,0.4
INK-inkstatus-1,#114,1,174,0.4
INK-inkstatus-1,#114,1,175,0.4
INK-inkstatus-1,#114,1,176,0.2
INK-inkstatus-1,#114,1,177,0.3
INK-inkstatus-1,#114,1,178,0.2
INK-inkstatus-1,#114,1,179,0.3
INK-inkstatus-1,#114,1,180,0.2
INK-inkstatus-1,#114,1,181,0.7
INK-inkstatus-1,#114,1,182,0.4
INK-inkstatus-1,#114,1,183,0.3
INK-inkstatus-1,#114,1,184,0.2
INK-inkstatus-1,#114,1,185,0.3
INK-inkstatus-1,#114,1,186,0.3
INK-inkstatus-1,#114,1,187,0.4
INK-inkstatus-1,#114,1,188,0.3
INK-inkstatus-1,#114,1,189,0.4
INK-inkstatus-1,#114,1,190,0.4
INK-inkstatus-1,#114,1,191,0.4
INK-inkstatus-1,#114,1,192,0.3
INK-inkstatus-1,#114,1,193,0.3
INK-inkstatus-1,#114,1,194,0.4
INK-inkstatus-1,#114,1,195,0.4
INK-inkstatus-1,#114,1,196,0.3
INK-inkstatus-1,#114,1,197,0.5
INK-inkstatus-1,#114,1,198,0.4
INK-inkstatus-1,#114,1,199,0.6
INK-inkstatus-1,#114,1,200,0.4
INK-inkstatus-1,#114,1,201,0.9
INK-inkstatus-1,#114,1,202,0.4
INK-inkstatus-1,#114,1,203,0.7
INK-inkstatus-1,#114,1,204,0.4
INK-inkstatus-1,#114,1,205,0.2
INK-inkstatus-1,#114,1,206,0.4
INK-inkstatus-1,#114,1,207,0.3
INK-inkstatus-1,#114,1,208,0.2
INK-inkstatus-1,#114,1,209,0.4
INK-inkstatus-1,#114,1,210,0.6
INK-inkstatus-1,#114,1,211,0.4
INK-inkstatus-1,#114,1,212,0.3
INK-inkstatus-1,#114,1,213,0.5
INK-inkstatus-1,#114,1,214,0.5
INK-inkstatus-1,#114,1,215,0.4
INK-inkstatus-1,#114,1,216,0.4
INK-inkstatus-1,#114,1,217,0.4
INK-inkstatus-1,#114,1,218,0.3
INK-inkstatus-1,#114,1,219,0.4
INK-inkstatus-1,#114,1,220,0.3
INK-inkstatus-1,#114,1,221,0.7
INK-inkstatus-1,#114,1,222,0.4
INK-inkstatus-1,#114,1,223,0.3
INK-inkstatus-1,#114,1,224,0.4
INK-inkstatus-1,#114,1,225,0.4
INK-inkstatus-1,#114,1,226,0.2
INK-inkstatus-1,#114,1,227,0.3
INK-inkstatus-1,#114,1,228,0.3
INK-inkstatus-1,#114,1,229,0.4
INK-inkstatus-1,#114,1,230,0.2
INK-inkstatus-1,#114,1,231,0.3
INK-inkstatus-1,#114,1,232,0.4
INK-inkstatus-1,#114,1,233,0.4
INK-inkstatus-1,#114,1,234,0.3
INK-inkstatus-1,#114,1,235,0.4
INK-inkstatus-1,#114,1,236,0.4
INK-inkstatus-1,#114,1,237,0.4
INK-inkstatus-1,#114,1,238,0.4
INK-inkstatus-1,#114,1,239,0.2
INK-inkstatus-1,#114,1,240,0.4
INK-inkstatus-1,#114,1,241,1.1
INK-inkstatus-1,#114,1,242,0.6
INK-inkstatus-1,#114,1,243,0.3
INK-inkstatus-1,#114,1,244,0.4
INK-inkstatus-1,#114,1,245,0.2
INK-inkstatus-1,#114,1,246,0.5
INK-inkstatus-1,#114,1,247,0.3
INK-inkstatus-1,#114,1,248,0.2
INK-inkstatus-1,#114,1,249,0.3
INK-inkstatus-1,#114,1,250,0.3
INK-inkstatus-1,#114,1,251,0.3
INK-inkstatus-1,#114,1,252,0.2
INK-inkstatus-1,#114,1,253,0.4
INK-inkstatus-1,#114,1,254,0.3
INK-inkstatus-1,#114,1,255,0.4
INK-inkstatus-1,#114,1,256,0.4
INK-inkstatus-1,#114,1,257,0.5
INK-inkstatus-1,#114,1,258,0.2
INK-inkstatus-1,#114,1,259,0.8
INK-inkstatus-1,#114,1,260,0.3
INK-inkstatus-1,#114,1,261,1.1
INK-inkstatus-1,#114,1,262,0.3
INK-inkstatus-1,#114,1,263,0.3
INK-inkstatus-1,#114,1,264,0.3
INK-inkstatus-1,#114,1,265,0.1
INK-inkstatus-1,#114,1,266,0.3
INK-inkstatus-1,#114,1,267,0.3
INK-inkstatus-1,#114,1,268,0.1
INK-inkstatus-1,#114,1,269,0.3
INK-inkstatus-1,#114,1,270,0.2
INK-inkstatus-1,#114,1,271,0.3
INK-inkstatus-1,#114,1,272,0.3
INK-inkstatus-1,#114,1,273,0.6
INK-inkstatus-1,#114,1,274,0.4
INK-inkstatus-1,#114,1,275,0.3
INK-inkstatus-1,#114,1,276,0.4
INK-inkstatus-1,#114,1,277,0.4
INK-inkstatus-1,#114,1,278,0.6
INK-inkstatus-1,#114,1,279,0.6
INK-inkstatus-1,#114,1,280,0.4
INK-inkstatus-1,#114,1,281,0.6
INK-inkstatus-1,#114,1,282,0.3
INK-inkstatus-1,#114,1,283,0.3
INK-inkstatus-1,#114,1,284,0.3
INK-inkstatus-1,#114,1,285,0.2
INK-inkstatus-1,#114,1,286,0.2
INK-inkstatus-1,#114,1,287,0.3
INK-inkstatus-1,#114,1,288,0.2
INK-inkstatus-1,#114,1,289,0.2
INK-inkstatus-1,#114,1,290,0.2
INK-inkstatus-1,#114,1,291,0.3
INK-inkstatus-1,#114,1,292,0.2
INK-inkstatus-1,#114,1,293,0.3
INK-inkstatus-1,#114,1,294,0.3
INK-inkstatus-1,#114,1,295,0.3
INK-inkstatus-1,#114,1,296,0.3
INK-inkstatus-1,#114,1,297,0.2
INK-inkstatus-1,#114,1,298,0.2
INK-inkstatus-1,#114,1,299,0.3
INK-inkstatus-1,#114,1,300,0.2
INK-master-2,#113,2,1,1.5
INK-master-2,#113,2,2,0.3
INK-master-2,#113,2,3,0.2
INK-master-2,#113,2,4,0.4
INK-master-2,#113,2,5,0.3
INK-master-2,#113,2,6,0.2
INK-master-2,#113,2,7,0.2
INK-master-2,#113,2,8,0.2
INK-master-2,#113,2,9,0.2
INK-master-2,#113,2,10,0.2
INK-master-2,#113,2,11,0.2
INK-master-2,#113,2,12,0.2
INK-master-2,#113,2,13,0.1
INK-master-2,#113,2,14,0.2
INK-master-2,#113,2,15,0.3
INK-master-2,#113,2,16,0.2
INK-master-2,#113,2,17,0.2
INK-master-2,#113,2,18,0.3
INK-master-2,#113,2,19,0.1
INK-master-2,#113,2,20,0.4
INK-master-2,#113,2,21,0.5
INK-master-2,#113,2,22,0.3
INK-master-2,#113,2,23,0.3
INK-master-2,#113,2,24,0.3
INK-master-2,#113,2,25,0.2
INK-master-2,#113,2,26,0.2
INK-master-2,#113,2,27,0.2
INK-master-2,#113,2,28,0.2
INK-master-2,#113,2,29,0.2
INK-master-2,#113,2,30,0.2
INK-master-2,#113,2,31,0.2
INK-master-2,#113,2,32,0.2
INK-master-2,#113,2,33,0.3
INK-master-2,#113,2,34,0.1
INK-master-2,#113,2,35,0.2
INK-master-2,#113,2,36,0.3
INK-master-2,#113,2,37,0.2
INK-master-2,#113,2,38,0.2
INK-master-2,#113,2,39,0.3
INK-master-2,#113,2,40,0.2
INK-master-2,#113,2,41,0.9
INK-master-2,#113,2,42,0.4
INK-master-2,#113,2,43,0.2
INK-master-2,#113,2,44,0.3
INK-master-2,#113,2,45,0.1
INK-master-2,#113,2,46,0.2
INK-master-2,#113,2,47,0.1
INK-master-2,#113,2,48,0.3
INK-master-2,#113,2,49,0.1
INK-master-2,#113,2,50,0.3
INK-master-2,#113,2,51,0.2
INK-master-2,#113,2,52,0.3
INK-master-2,#113,2,53,0.2
INK-master-2,#113,2,54,0.3
INK-master-2,#113,2,55,0.2
INK-master-2,#113,2,56,0.2
INK-master-2,#113,2,57,0.3
INK-master-2,#113,2,58,0.3
INK-master-2,#113,2,59,0.1
INK-master-2,#113,2,60,0.1
INK-master-2,#113,2,61,0.5
INK-master-2,#113,2,62,0.2
INK-master-2,#113,2,63,0.2
INK-master-2,#113,2,64,0.2
INK-master-2,#113,2,65,0.2
INK-master-2,#113,2,66,0.3
INK-master-2,#113,2,67,0.3
INK-master-2,#113,2,68,0.2
INK-master-2,#113,2,69,0.1
INK-master-2,#113,2,70,0.2
INK-master-2,#113,2,71,0.3
INK-master-2,#113,2,72,0.2
INK-master-2,#113,2,73,1.1
INK-master-2,#113,2,74,0.2
INK-master-2,#113,2,75,0.4
INK-master-2,#113,2,76,0.2
INK-master-2,#113,2,77,0.3
INK-master-2,#113,2,78,0.3
INK-master-2,#113,2,79,0.2
INK-master-2,#113,2,80,0.2
INK-master-2,#113,2,81,0.8
INK-master-2,#113,2,82,0.4
INK-master-2,#113,2,83,0.3
INK-master-2,#113,2,84,0.2
INK-master-2,#113,2,85,0.2
INK-master-2,#113,2,86,0.2
INK-master-2,#113,2,87,0.3
INK-master-2,#113,2,88,0.3
INK-master-2,#113,2,89,0.2
INK-master-2,#113,2,90,0.2
INK-master-2,#113,2,91,0.3
INK-master-2,#113,2,92,0.2
INK-master-2,#113,2,93,0.2
INK-master-2,#113,2,94,0.3
INK-master-2,#113,2,95,0.2
INK-master-2,#113,2,96,0.2
INK-master-2,#113,2,97,0.4
INK-master-2,#113,2,98,0.2
INK-master-2,#113,2,99,0.2
INK-master-2,#113,2,100,0.3
INK-master-2,#113,2,101,0.7
INK-master-2,#113,2,102,0.4
INK-master-2,#113,2,103,0.4
INK-master-2,#113,2,104,0.2
INK-master-2,#113,2,105,0.2
INK-master-2,#113,2,106,0.3
INK-master-2,#113,2,107,0.2
INK-master-2,#113,2,108,0.2
INK-master-2,#113,2,109,0.2
INK-master-2,#113,2,110,0.2
INK-master-2,#113,2,111,0.1
INK-master-2,#113,2,112,0.3
INK-master-2,#113,2,113,0.3
INK-master-2,#113,2,114,0.3
INK-master-2,#113,2,115,0.4
INK-master-2,#113,2,116,0.3
INK-master-2,#113,2,117,0.3
INK-master-2,#113,2,118,0.3
INK-master-2,#113,2,119,0.2
INK-master-2,#113,2,120,0.3
INK-master-2,#113,2,121,1.1
INK-master-2,#113,2,122,0.8
INK-master-2,#113,2,123,0.4
INK-master-2,#113,2,124,0.3
INK-master-2,#113,2,125,0.2
INK-master-2,#113,2,126,0.4
INK-master-2,#113,2,127,0.4
INK-master-2,#113,2,128,0.3
INK-master-2,#113,2,129,0.4
INK-master-2,#113,2,130,0.4
INK-master-2,#113,2,131,0.3
INK-master-2,#113,2,132,0.5
INK-master-2,#113,2,133,0.4
INK-master-2,#113,2,134,0.2
INK-master-2,#113,2,135,0.4
INK-master-2,#113,2,136,0.3
INK-master-2,#113,2,137,0.4
INK-master-2,#113,2,138,0.4
INK-master-2,#113,2,139,0.2
INK-master-2,#113,2,140,0.3
INK-master-2,#113,2,141,1.1
INK-master-2,#113,2,142,0.5
INK-master-2,#113,2,143,0.3
INK-master-2,#113,2,144,0.2
INK-master-2,#113,2,145,0.3
INK-master-2,#113,2,146,0.3
INK-master-2,#113,2,147,0.2
INK-master-2,#113,2,148,0.4
INK-master-2,#113,2,149,0.3
INK-master-2,#113,2,150,0.2
INK-master-2,#113,2,151,0.2
INK-master-2,#113,2,152,0.2
INK-master-2,#113,2,153,0.3
INK-master-2,#113,2,154,0.2
INK-master-2,#113,2,155,0.2
INK-master-2,#113,2,156,0.3
INK-master-2,#113,2,157,0.2
INK-master-2,#113,2,158,0.1
INK-master-2,#113,2,159,0.2
INK-master-2,#113,2,160,0.2
INK-master-2,#113,2,161,1.2
INK-master-2,#113,2,162,0.5
INK-master-2,#113,2,163,0.2
INK-master-2,#113,2,164,0.3
INK-master-2,#113,2,165,0.3
INK-master-2,#113,2,166,0.2
INK-master-2,#113,2,167,0.4
INK-master-2,#113,2,168,0.3
INK-master-2,#113,2,169,0.3
INK-master-2,#113,2,170,0.3
INK-master-2,#113,2,171,0.3
INK-master-2,#113,2,172,0.3
INK-master-2,#113,2,173,0.2
INK-master-2,#113,2,174,0.3
INK-master-2,#113,2,175,0.3
INK-master-2,#113,2,176,0.3
INK-master-2,#113,2,177,0.3
INK-master-2,#113,2,178,0.3
INK-master-2,#113,2,179,0.3
INK-master-2,#113,2,180,0.1
INK-master-2,#113,2,181,0.6
INK-master-2,#113,2,182,0.4
INK-master-2,#113,2,183,0.2
INK-master-2,#113,2,184,0.3
INK-master-2,#113,2,185,0.3
INK-master-2,#113,2,186,0.2
INK-master-2,#113,2,187,0.3
INK-master-2,#113,2,188,0.3
INK-master-2,#113,2,189,0.2
INK-master-2,#113,2,190,0.2
INK-master-2,#113,2,191,0.3
INK-master-2,#113,2,192,0.3
INK-master-2,#113,2,193,0.3
INK-master-2,#113,2,194,0.3
INK-master-2,#113,2,195,0.2
INK-master-2,#113,2,196,0.3
INK-master-2,#113,2,197,0.3
INK-master-2,#113,2,198,0.5
INK-master-2,#113,2,199,0.4
INK-master-2,#113,2,200,0.5
INK-master-2,#113,2,201,0.6
INK-master-2,#113,2,202,0.5
INK-master-2,#113,2,203,0.4
INK-master-2,#113,2,204,0.2
INK-master-2,#113,2,205,0.3
INK-master-2,#113,2,206,0.5
INK-master-2,#113,2,207,0.2
INK-master-2,#113,2,208,0.4
INK-master-2,#113,2,209,0.5
INK-master-2,#113,2,210,0.4
INK-master-2,#113,2,211,0.4
INK-master-2,#113,2,212,0.3
INK-master-2,#113,2,213,0.3
INK-master-2,#113,2,214,0.4
INK-master-2,#113,2,215,0.3
INK-master-2,#113,2,216,0.3
INK-master-2,#113,2,217,0.2
INK-master-2,#113,2,218,0.4
INK-master-2,#113,2,219,0.2
INK-master-2,#113,2,220,0.4
INK-master-2,#113,2,221,0.7
INK-master-2,#113,2,222,0.5
INK-master-2,#113,2,223,0.5
INK-master-2,#113,2,224,0.3
INK-master-2,#113,2,225,0.3
INK-master-2,#113,2,226,0.2
INK-master-2,#113,2,227,0.2
INK-master-2,#113,2,228,0.4
INK-master-2,#113,2,229,0.2
INK-master-2,#113,2,230,0.2
INK-master-2,#113,2,231,0.2
INK-master-2,#113,2,232,0.2
INK-master-2,#113,2,233,0.3
INK-master-2,#113,2,234,0.3
INK-master-2,#113,2,235,0.2
INK-master-2,#113,2,236,0.3
INK-master-2,#113,2,237,0.2
INK-master-2,#113,2,238,0.4
INK-master-2,#113,2,239,0.4
INK-master-2,#113,2,240,0.3
INK-master-2,#113,2,241,0.8
INK-master-2,#113,2,242,0.5
INK-master-2,#113,2,243,0.3
INK-master-2,#113,2,244,0.4
INK-master-2,#113,2,245,0.4
INK-master-2,#113,2,246,0.3
INK-master-2,#113,2,247,0.2
INK-master-2,#113,2,248,0.3
INK-master-2,#113,2,249,0.1
INK-master-2,#113,2,250,0.3
INK-master-2,#113,2,251,0.2
INK-master-2,#113,2,252,0.3
INK-master-2,#113,2,253,0.2
INK-master-2,#113,2,254,0.2
INK-master-2,#113,2,255,0.3
INK-master-2,#113,2,256,0.3
INK-master-2,#113,2,257,0.3
INK-master-2,#113,2,258,0.4
INK-master-2,#113,2,259,0.3
INK-master-2,#113,2,260,0.4
INK-master-2,#113,2,261,0.9
INK-master-2,#113,2,262,0.5
INK-master-2,#113,2,263,0.4
INK-master-2,#113,2,264,0.2
INK-master-2,#113,2,265,0.4
INK-master-2,#113,2,266,0.2
INK-master-2,#113,2,267,0.2
INK-master-2,#113,2,268,0.2
INK-master-2,#113,2,269,0.2
INK-master-2,#113,2,270,0.3
INK-master-2,#113,2,271,0.1
INK-master-2,#113,2,272,0.4
INK-master-2,#113,2,273,0.3
INK-master-2,#113,2,274,0.3
INK-master-2,#113,2,275,0.3
INK-master-2,#113,2,276,0.4
INK-master-2,#113,2,277,0.2
INK-master-2,#113,2,278,0.3
INK-master-2,#113,2,279,0.2
INK-master-2,#113,2,280,0.3
INK-master-2,#113,2,281,1
INK-master-2,#113,2,282,0.4
INK-master-2,#113,2,283,0.3
INK-master-2,#113,2,284,0.2
INK-master-2,#113,2,285,0.2
INK-master-2,#113,2,286,0.3
INK-master-2,#113,2,287,0.2
INK-master-2,#113,2,288,0.2
INK-master-2,#113,2,289,0.2
INK-master-2,#113,2,290,0.3
INK-master-2,#113,2,291,0.2
INK-master-2,#113,2,292,0.1
INK-master-2,#113,2,293,0.3
INK-master-2,#113,2,294,0.2
INK-master-2,#113,2,295,0.2
INK-master-2,#113,2,296,0.4
INK-master-2,#113,2,297,0.2
INK-master-2,#113,2,298,0.3
INK-master-2,#113,2,299,0.2
INK-master-2,#113,2,300,0.2
INK-inkstatus-2,#114,2,1,1.6
INK-inkstatus-2,#114,2,2,0.7
INK-inkstatus-2,#114,2,3,0.1
INK-inkstatus-2,#114,2,4,0.2
INK-inkstatus-2,#114,2,5,0.2
INK-inkstatus-2,#114,2,6,0.2
INK-inkstatus-2,#114,2,7,0.2
INK-inkstatus-2,#114,2,8,0.3
INK-inkstatus-2,#114,2,9,0.1
INK-inkstatus-2,#114,2,10,0.2
INK-inkstatus-2,#114,2,11,0.2
INK-inkstatus-2,#114,2,12,0.7
INK-inkstatus-2,#114,2,13,0.2
INK-inkstatus-2,#114,2,14,0.1
INK-inkstatus-2,#114,2,15,0.3
INK-inkstatus-2,#114,2,16,0.1
INK-inkstatus-2,#114,2,17,0.1
INK-inkstatus-2,#114,2,18,0.1
INK-inkstatus-2,#114,2,19,0.3
INK-inkstatus-2,#114,2,20,0.1
INK-inkstatus-2,#114,2,21,0.4
INK-inkstatus-2,#114,2,22,0.1
INK-inkstatus-2,#114,2,23,0.3
INK-inkstatus-2,#114,2,24,0.2
INK-inkstatus-2,#114,2,25,0.3
INK-inkstatus-2,#114,2,26,0.4
INK-inkstatus-2,#114,2,27,0.2
INK-inkstatus-2,#114,2,28,0.2
INK-inkstatus-2,#114,2,29,0.2
INK-inkstatus-2,#114,2,30,0.2
INK-inkstatus-2,#114,2,31,0.2
INK-inkstatus-2,#114,2,32,0.1
INK-inkstatus-2,#114,2,33,0.2
INK-inkstatus-2,#114,2,34,0.2
INK-inkstatus-2,#114,2,35,0.2
INK-inkstatus-2,#114,2,36,0.2
INK-inkstatus-2,#114,2,37,0.3
INK-inkstatus-2,#114,2,38,0.2
INK-inkstatus-2,#114,2,39,0.1
INK-inkstatus-2,#114,2,40,0.3
INK-inkstatus-2,#114,2,41,0.7
INK-inkstatus-2,#114,2,42,0.5
INK-inkstatus-2,#114,2,43,0.2
INK-inkstatus-2,#114,2,44,0.2
INK-inkstatus-2,#114,2,45,0.2
INK-inkstatus-2,#114,2,46,0.2
INK-inkstatus-2,#114,2,47,0.2
INK-inkstatus-2,#114,2,48,0.3
INK-inkstatus-2,#114,2,49,0.2
INK-inkstatus-2,#114,2,50,0.2
INK-inkstatus-2,#114,2,51,0.3
INK-inkstatus-2,#114,2,52,0.2
INK-inkstatus-2,#114,2,53,0.2
INK-inkstatus-2,#114,2,54,0.3
INK-inkstatus-2,#114,2,55,0.2
INK-inkstatus-2,#114,2,56,0.3
INK-inkstatus-2,#114,2,57,0.1
INK-inkstatus-2,#114,2,58,0.3
INK-inkstatus-2,#114,2,59,0.2
INK-inkstatus-2,#114,2,60,0.2
INK-inkstatus-2,#114,2,61,0.5
INK-inkstatus-2,#114,2,62,0.2
INK-inkstatus-2,#114,2,63,0.2
INK-inkstatus-2,#114,2,64,0.2
INK-inkstatus-2,#114,2,65,0.2
INK-inkstatus-2,#114,2,66,0.3
INK-inkstatus-2,#114,2,67,0.2
INK-inkstatus-2,#114,2,68,0.3
INK-inkstatus-2,#114,2,69,0.2
INK-inkstatus-2,#114,2,70,0.3
INK-inkstatus-2,#114,2,71,0.1
INK-inkstatus-2,#114,2,72,0.3
INK-inkstatus-2,#114,2,73,0.3
INK-inkstatus-2,#114,2,74,0.2
INK-inkstatus-2,#114,2,75,0.3
INK-inkstatus-2,#114,2,76,0.2
INK-inkstatus-2,#114,2,77,0.4
INK-inkstatus-2,#114,2,78,0.1
INK-inkstatus-2,#114,2,79,0.2
INK-inkstatus-2,#114,2,80,0.2
INK-inkstatus-2,#114,2,81,0.7
INK-inkstatus-2,#114,2,82,0.6
INK-inkstatus-2,#114,2,83,0.3
INK-inkstatus-2,#114,2,84,0.3
INK-inkstatus-2,#114,2,85,0.3
INK-inkstatus-2,#114,2,86,0.2
INK-inkstatus-2,#114,2,87,0.4
INK-inkstatus-2,#114,2,88,0.2
INK-inkstatus-2,#114,2,89,0.2
INK-inkstatus-2,#114,2,90,0.2
INK-inkstatus-2,#114,2,91,0.3
INK-inkstatus-2,#114,2,92,0.2
INK-inkstatus-2,#114,2,93,0.2
INK-inkstatus-2,#114,2,94,0.3
INK-inkstatus-2,#114,2,95,0.3
INK-inkstatus-2,#114,2,96,0.1
INK-inkstatus-2,#114,2,97,0.3
INK-inkstatus-2,#114,2,98,0.2
INK-inkstatus-2,#114,2,99,0.3
INK-inkstatus-2,#114,2,100,0.1
INK-inkstatus-2,#114,2,101,0.5
INK-inkstatus-2,#114,2,102,0.2
INK-inkstatus-2,#114,2,103,0.3
INK-inkstatus-2,#114,2,104,0.3
INK-inkstatus-2,#114,2,105,0.2
INK-inkstatus-2,#114,2,106,0.3
INK-inkstatus-2,#114,2,107,0.3
INK-inkstatus-2,#114,2,108,0.3
INK-inkstatus-2,#114,2,109,0.4
INK-inkstatus-2,#114,2,110,0.3
INK-inkstatus-2,#114,2,111,0.2
INK-inkstatus-2,#114,2,112,0.2
INK-inkstatus-2,#114,2,113,0.3
INK-inkstatus-2,#114,2,114,0.1
INK-inkstatus-2,#114,2,115,0.3
INK-inkstatus-2,#114,2,116,0.3
INK-inkstatus-2,#114,2,117,0.2
INK-inkstatus-2,#114,2,118,0.3
INK-inkstatus-2,#114,2,119,0.2
INK-inkstatus-2,#114,2,120,0.3
INK-inkstatus-2,#114,2,121,0.8
INK-inkstatus-2,#114,2,122,0.4
INK-inkstatus-2,#114,2,123,0.4
INK-inkstatus-2,#114,2,124,0.2
INK-inkstatus-2,#114,2,125,0.2
INK-inkstatus-2,#114,2,126,0.4
INK-inkstatus-2,#114,2,127,0.2
INK-inkstatus-2,#114,2,128,0.2
INK-inkstatus-2,#114,2,129,0.2
INK-inkstatus-2,#114,2,130,0.3
INK-inkstatus-2,#114,2,131,0.2
INK-inkstatus-2,#114,2,132,0.2
INK-inkstatus-2,#114,2,133,0.3
INK-inkstatus-2,#114,2,134,0.4
INK-inkstatus-2,#114,2,135,0.6
INK-inkstatus-2,#114,2,136,0.5
INK-inkstatus-2,#114,2,137,0.2
INK-inkstatus-2,#114,2,138,0.2
INK-inkstatus-2,#114,2,139,0.3
INK-inkstatus-2,#114,2,140,0.2
INK-inkstatus-2,#114,2,141,0.7
INK-inkstatus-2,#114,2,142,0.4
INK-inkstatus-2,#114,2,143,0.2
INK-inkstatus-2,#114,2,144,0.2
INK-inkstatus-2,#114,2,145,0.2
INK-inkstatus-2,#114,2,146,0.4
INK-inkstatus-2,#114,2,147,0.3
INK-inkstatus-2,#114,2,148,0.2
INK-inkstatus-2,#114,2,149,0.2
INK-inkstatus-2,#114,2,150,0.2
INK-inkstatus-2,#114,2,151,0.3
INK-inkstatus-2,#114,2,152,0.2
INK-inkstatus-2,#114,2,153,0.2
INK-inkstatus-2,#114,2,154,0.2
INK-inkstatus-2,#114,2,155,0.2
INK-inkstatus-2,#114,2,156,0.3
INK-inkstatus-2,#114,2,157,0.3
INK-inkstatus-2,#114,2,158,0.3
INK-inkstatus-2,#114,2,159,0.2
INK-inkstatus-2,#114,2,160,0.3
INK-inkstatus-2,#114,2,161,0.6
INK-inkstatus-2,#114,2,162,0.3
INK-inkstatus-2,#114,2,163,0.3
INK-inkstatus-2,#114,2,164,0.1
INK-inkstatus-2,#114,2,165,0.2
INK-inkstatus-2,#114,2,166,0.1
INK-inkstatus-2,#114,2,167,0.2
INK-inkstatus-2,#114,2,168,0.2
INK-inkstatus-2,#114,2,169,0.2
INK-inkstatus-2,#114,2,170,0.2
INK-inkstatus-2,#114,2,171,0.4
INK-inkstatus-2,#114,2,172,0.2
INK-inkstatus-2,#114,2,173,0.2
INK-inkstatus-2,#114,2,174,0.2
INK-inkstatus-2,#114,2,175,0.3
INK-inkstatus-2,#114,2,176,0.2
INK-inkstatus-2,#114,2,177,0.3
INK-inkstatus-2,#114,2,178,0.3
INK-inkstatus-2,#114,2,179,0.2
INK-inkstatus-2,#114,2,180,0.2
INK-inkstatus-2,#114,2,181,0.8
INK-inkstatus-2,#114,2,182,0.3
INK-inkstatus-2,#114,2,183,0.4
INK-inkstatus-2,#114,2,184,0.4
INK-inkstatus-2,#114,2,185,0.2
INK-inkstatus-2,#114,2,186,0.4
INK-inkstatus-2,#114,2,187,0.3
INK-inkstatus-2,#114,2,188,0.3
INK-inkstatus-2,#114,2,189,0.2
INK-inkstatus-2,#114,2,190,0.3
INK-inkstatus-2,#114,2,191,0.3
INK-inkstatus-2,#114,2,192,0.2
INK-inkstatus-2,#114,2,193,0.2
INK-inkstatus-2,#114,2,194,0.3
INK-inkstatus-2,#114,2,195,0.3
INK-inkstatus-2,#114,2,196,0.3
INK-inkstatus-2,#114,2,197,0.3
INK-inkstatus-2,#114,2,198,0.2
INK-inkstatus-2,#114,2,199,0.3
INK-inkstatus-2,#114,2,200,0.3
INK-inkstatus-2,#114,2,201,0.7
INK-inkstatus-2,#114,2,202,0.4
INK-inkstatus-2,#114,2,203,0.3
INK-inkstatus-2,#114,2,204,0.3
INK-inkstatus-2,#114,2,205,0.3
INK-inkstatus-2,#114,2,206,0.3
INK-inkstatus-2,#114,2,207,0.3
INK-inkstatus-2,#114,2,208,0.3
INK-inkstatus-2,#114,2,209,0.3
INK-inkstatus-2,#114,2,210,0.3
INK-inkstatus-2,#114,2,211,0.3
INK-inkstatus-2,#114,2,212,0.3
INK-inkstatus-2,#114,2,213,0.2
INK-inkstatus-2,#114,2,214,0.4
INK-inkstatus-2,#114,2,215,0.2
INK-inkstatus-2,#114,2,216,0.4
INK-inkstatus-2,#114,2,217,0.3
INK-inkstatus-2,#114,2,218,0.2
INK-inkstatus-2,#114,2,219,0.4
INK-inkstatus-2,#114,2,220,0.3
INK-inkstatus-2,#114,2,221,0.8
INK-inkstatus-2,#114,2,222,0.3
INK-inkstatus-2,#114,2,223,0.2
INK-inkstatus-2,#114,2,224,0.4
INK-inkstatus-2,#114,2,225,0.3
INK-inkstatus-2,#114,2,226,0.2
INK-inkstatus-2,#114,2,227,0.4
INK-inkstatus-2,#114,2,228,0.3
INK-inkstatus-2,#114,2,229,0.3
INK-inkstatus-2,#114,2,230,0.4
INK-inkstatus-2,#114,2,231,0.2
INK-inkstatus-2,#114,2,232,0.4
INK-inkstatus-2,#114,2,233,0.3
INK-inkstatus-2,#114,2,234,0.3
INK-inkstatus-2,#114,2,235,0.3
INK-inkstatus-2,#114,2,236,0.4
INK-inkstatus-2,#114,2,237,0.2
INK-inkstatus-2,#114,2,238,0.3
INK-inkstatus-2,#114,2,239,0.3
INK-inkstatus-2,#114,2,240,0.1
INK-inkstatus-2,#114,2,241,0.7
INK-inkstatus-2,#114,2,242,0.3
INK-inkstatus-2,#114,2,243,0.2
INK-inkstatus-2,#114,2,244,0.2
INK-inkstatus-2,#114,2,245,0.2
INK-inkstatus-2,#114,2,246,0.2
INK-inkstatus-2,#114,2,247,0.3
INK-inkstatus-2,#114,2,248,0.3
INK-inkstatus-2,#114,2,249,0.1
INK-inkstatus-2,#114,2,250,0.3
INK-inkstatus-2,#114,2,251,0.2
INK-inkstatus-2,#114,2,252,0.2
INK-inkstatus-2,#114,2,253,0.3
INK-inkstatus-2,#114,2,254,0.1
INK-inkstatus-2,#114,2,255,0.4
INK-inkstatus-2,#114,2,256,0.4
INK-inkstatus-2,#114,2,257,0.5
INK-inkstatus-2,#114,2,258,0.3
INK-inkstatus-2,#114,2,259,0.4
INK-inkstatus-2,#114,2,260,0.5
INK-inkstatus-2,#114,2,261,0.7
INK-inkstatus-2,#114,2,262,0.4
INK-inkstatus-2,#114,2,263,0.3
INK-inkstatus-2,#114,2,264,0.3
INK-inkstatus-2,#114,2,265,0.3
INK-inkstatus-2,#114,2,266,0.3
INK-inkstatus-2,#114,2,267,0.3
INK-inkstatus-2,#114,2,268,0.4
INK-inkstatus-2,#114,2,269,0.3
INK-inkstatus-2,#114,2,270,0.3
INK-inkstatus-2,#114,2,271,0.3
INK-inkstatus-2,#114,2,272,0.1
INK-inkstatus-2,#114,2,273,0.2
INK-inkstatus-2,#114,2,274,0.3
INK-inkstatus-2,#114,2,275,0.1
INK-inkstatus-2,#114,2,276,0.3
INK-inkstatus-2,#114,2,277,0.2
INK-inkstatus-2,#114,2,278,0.2
INK-inkstatus-2,#114,2,279,0.2
INK-inkstatus-2,#114,2,280,0.2
INK-inkstatus-2,#114,2,281,0.7
INK-inkstatus-2,#114,2,282,0.3
INK-inkstatus-2,#114,2,283,0.3
INK-inkstatus-2,#114,2,284,0.2
INK-inkstatus-2,#114,2,285,0.1
INK-inkstatus-2,#114,2,286,0.3
INK-inkstatus-2,#114,2,287,0.2
INK-inkstatus-2,#114,2,288,0.3
INK-inkstatus-2,#114,2,289,0.2
INK-inkstatus-2,#114,2,290,0.2
INK-inkstatus-2,#114,2,291,0.2
INK-inkstatus-2,#114,2,292,0.2
INK-inkstatus-2,#114,2,293,0.2
INK-inkstatus-2,#114,2,294,0.4
INK-inkstatus-2,#114,2,295,0.2
INK-inkstatus-2,#114,2,296,0.4
INK-inkstatus-2,#114,2,297,0.3
INK-inkstatus-2,#114,2,298,0.3
INK-inkstatus-2,#114,2,299,0.4
INK-inkstatus-2,#114,2,300,0.3
