label,series,build,run,first_nodes,to_first_nodes_ms,node_counts_first_3s,settled_ms,blocked_first_10s_ms,blocked_ms
FB20k-off-1,FB20k,Pulsar off,1,20000,381.7,20000,33100.3,5522,28234
FB20k-off-2,FB20k,Pulsar off,2,20000,314,20000,34101.2,5716,29610
FB20k-off-3,FB20k,Pulsar off,3,20000,310.1,20000,32358.5,5798,27946
FB20k-off-4,FB20k,Pulsar off,4,20000,364.8,20000,31890.4,5480,27050
FB20k-off-5,FB20k,Pulsar off,5,20000,320.4,20000,33649.4,5900,29240
FB20k-off-6,FB20k,Pulsar off,6,20000,386.8,20000,28943.2,6068,24732
FB20k-master-1,FB20k,#109,1,20000,377.3,20000;4168,10719.4,4613,4613
FB20k-master-2,FB20k,#109,2,20000,410.6,20000;4168,11279.1,5289,5289
FB20k-master-3,FB20k,#109,3,20000,341.6,20000;4168,11410.9,5594,5594
FB20k-master-4,FB20k,#109,4,20000,308.1,20000;4168,11126.1,5092,5092
FB20k-master-5,FB20k,#109,5,20000,338.1,20000;4168,11388.9,5296,5296
FB20k-master-6,FB20k,#109,6,20000,328.3,20000;4168,10679,4739,4739
FB20k-first-1,FB20k,#110,1,4168,206.7,4168,6251.9,282,282
FB20k-first-2,FB20k,#110,2,4168,176.9,4168,6172.1,239,239
FB20k-first-3,FB20k,#110,3,4168,206.8,4168,6323.8,274,274
FB20k-first-4,FB20k,#110,4,4168,179.5,4168,6164.4,239,239
FB20k-first-5,FB20k,#110,5,4168,177.9,4168,6142.6,244,244
FB20k-first-6,FB20k,#110,6,4168,186,4168,6196,249,249
O20k-off-1,O20k,Pulsar off,1,20000,1054.5,20000,49132.7,18323,43140
O20k-off-2,O20k,Pulsar off,2,20000,403.3,20000,31256.4,4959,25851
O20k-off-3,O20k,Pulsar off,3,20000,365.7,20000,31052.7,5963,26675
O20k-off-4,O20k,Pulsar off,4,20000,327.9,20000,34044.2,1760,25393
O20k-off-5,O20k,Pulsar off,5,20000,358.1,20000,30103.8,6107,25895
O20k-off-6,O20k,Pulsar off,6,20000,337.2,20000,28600.3,5643,23962
O20k-fix-1,O20k,#109,1,20000,2466.4,20000;4168,27536.7,15751,21605
O20k-fix-2,O20k,#109,2,20000,408.7,20000;4168,12644.1,6698,6698
O20k-fix-3,O20k,#109,3,20000,353.6,20000;4168,11283,5427,5427
O20k-fix-4,O20k,#109,4,20000,1398.4,20000;4168,12974.9,7001,7001
O20k-fix-5,O20k,#109,5,20000,399.2,20000;4168,10386.4,4532,4532
O20k-fix-6,O20k,#109,6,20000,399.1,20000;4168,11372.5,5618,5618
O20k-on-1,O20k,before #109,1,20000,40141,20000,,40141,75037
O20k-on-2,O20k,before #109,2,20000,449.4,20000,39029.7,6179,34790
