label,build,pair,round,switch,blocked_ms,applyTo_ms,syncRenderers_ms,spotlitFrom_ms,exemptFromFilter_ms,paintTabs_ms,keptWithoutOpen_ms,updateStatusBar_ms,refreshBeadViews_ms,noteSeen_ms
R3S-in-firstbuild-1,#110,in,1,1,113,54.5,26.4,6.3,2.7,2,0.5,0.2,0,0
R3S-in-firstbuild-1,#110,in,1,2,102,49.3,26.7,6.6,2.8,2,0.6,0.3,0.1,0
R3S-in-firstbuild-1,#110,in,1,3,120,53.1,26.7,7.4,2.8,2.4,0.8,0.3,0,0
R3S-in-firstbuild-1,#110,in,1,4,135,67.6,32.7,6.4,2.5,2.4,0.6,0.1,0,0
R3S-in-firstbuild-1,#110,in,1,5,108,52.9,26.2,6.8,3,2.2,0.7,0.3,0,0
R3S-in-firstbuild-1,#110,in,1,6,108,51.9,26.1,5.4,2.7,1.8,0.4,0.3,0,0
R3S-in-firstbuild-1,#110,in,1,7,111,51.7,27.3,6.5,3,2,0.9,0.3,0,0
R3S-in-firstbuild-1,#110,in,1,8,130,60.7,30.1,7.4,3.4,2.2,0.7,0.1,0.1,0
R3S-in-firstbuild-1,#110,in,1,9,175,80.7,45.1,10,4.3,3,1,0.2,0.1,0
R3S-in-firstbuild-1,#110,in,1,10,149,71.7,37.3,9.9,4.2,2.8,1.1,0.3,0,0
R3S-in-firstbuild-1,#110,in,1,11,106,51.2,26.1,7,3,2,0.7,0.3,0,0
R3S-in-firstbuild-1,#110,in,1,12,110,53.3,24.9,6.6,2.9,2.1,0.7,0.3,0,0
R3S-in-firstbuild-1,#110,in,1,13,108,49.6,22.9,6.4,2.7,2.2,0.5,0,0,0
R3S-in-firstbuild-1,#110,in,1,14,108,52.3,27.2,6.6,3.1,2.1,0.5,0.2,0,0
R3S-in-firstbuild-1,#110,in,1,15,116,60.3,32.9,6.8,2.6,2,0.4,0.3,0,0
R3S-in-firstbuild-1,#110,in,1,16,117,56.3,28,7,2.9,2.5,0.5,0.3,0,0
R3S-in-firstbuild-1,#110,in,1,17,123,57.8,31.4,9.1,3.6,3.8,0.7,0.3,0,0
R3S-in-firstbuild-1,#110,in,1,18,123,58.5,29.5,7.1,3.5,2.3,0.6,0.2,0,0
R3S-in-firstbuild-1,#110,in,1,19,116,54.5,30.8,6.3,2.7,2,0.4,0.2,0.1,0
R3S-in-firstbuild-1,#110,in,1,20,107,52.4,26,6.8,3.1,2.2,0.4,0.3,0.1,0
R3S-in-firstbuild-2,#110,in,2,1,117,56.5,29.8,8.6,3.5,2.3,0.5,0.4,0.1,0
R3S-in-firstbuild-2,#110,in,2,2,125,59.3,28.9,9,3.6,2.7,1,0.3,0,0
R3S-in-firstbuild-2,#110,in,2,3,112,48.7,26.5,8.9,3.6,3.2,1,0.1,0,0
R3S-in-firstbuild-2,#110,in,2,4,114,52.5,28.4,7.4,3.2,2.3,0.7,0.2,0,0
R3S-in-firstbuild-2,#110,in,2,5,110,48.8,22.1,7.2,3.2,2.4,0.5,0.3,0,0
R3S-in-firstbuild-2,#110,in,2,6,121,57.3,27.9,8.5,3.3,2.7,0.6,0.2,0,0
R3S-in-firstbuild-2,#110,in,2,7,121,57.3,28.8,8.3,2.9,3.1,0.8,0.2,0,0
R3S-in-firstbuild-2,#110,in,2,8,108,54.9,28.8,7.8,3.5,2.4,0.8,0.2,0.1,0
R3S-in-firstbuild-2,#110,in,2,9,104,48.1,25.2,7.4,3.5,2.5,0.6,0.2,0,0
R3S-in-firstbuild-2,#110,in,2,10,128,59.8,28.2,8.6,3.7,2.5,0.7,0.2,0,0
R3S-in-firstbuild-2,#110,in,2,11,113,54.8,24.4,8.3,4,2.6,0.5,0.1,0,0
R3S-in-firstbuild-2,#110,in,2,12,120,58.5,31,8.8,3.4,2.5,1.3,0.1,0,0
R3S-in-firstbuild-2,#110,in,2,13,116,53.6,26.1,9.3,3.6,3,1.1,0.2,0,0
R3S-in-firstbuild-2,#110,in,2,14,118,58.7,31,8.7,3.4,2.6,0.8,0.2,0.1,0
R3S-in-firstbuild-2,#110,in,2,15,106,51.3,22.5,8.1,3.5,2.5,0.5,0.1,0,0
R3S-in-firstbuild-2,#110,in,2,16,109,54.4,26.8,7.1,3.2,2.5,0.4,0.2,0,0
R3S-in-firstbuild-2,#110,in,2,17,110,54.6,27.1,7.1,2.8,2.6,0.5,0.3,0,0
R3S-in-firstbuild-2,#110,in,2,18,118,57.3,28.7,8.7,3.7,3,0.9,0.2,0,0
R3S-in-firstbuild-2,#110,in,2,19,119,62.1,30.4,9.7,3.1,4.5,0.8,0.4,0,0.1
R3S-in-firstbuild-2,#110,in,2,20,110,50.9,27.4,7.2,3.3,2.5,0.4,0.2,0,0
R3S-in-onerepaint-1,#111,in,1,1,85,27.5,0,4.7,1.7,2.3,0.4,0.1,0.1,0
R3S-in-onerepaint-1,#111,in,1,2,87,26.8,0.1,6.3,2.5,2.3,0.7,0,0.1,0
R3S-in-onerepaint-1,#111,in,1,3,98,30.5,0,5,1.9,2.4,0.5,0,0,0
R3S-in-onerepaint-1,#111,in,1,4,89,25.6,0.1,5.1,1.9,2.9,0.6,0.1,0,0
R3S-in-onerepaint-1,#111,in,1,5,84,27.8,0.1,5.2,1.8,2.4,0.7,0,0,0
R3S-in-onerepaint-1,#111,in,1,6,82,23,0,4.5,1.3,2.3,0.7,0.3,0.1,0
R3S-in-onerepaint-1,#111,in,1,7,83,27.8,0.1,4.4,1.3,2.2,0.6,0.1,0,0
R3S-in-onerepaint-1,#111,in,1,8,90,27.9,0.1,5.2,2.4,1.8,0.4,0.2,0,0
R3S-in-onerepaint-1,#111,in,1,9,93,27.5,0.1,5,2.4,1.9,0.6,0,0,0
R3S-in-onerepaint-1,#111,in,1,10,75,21.3,0.1,4.5,1.6,2.1,0.5,0.1,0,0
R3S-in-onerepaint-1,#111,in,1,11,80,24.7,0.1,4.6,1.8,2,0.4,0.1,0,0
R3S-in-onerepaint-1,#111,in,1,12,80,25.7,0,4.4,2,1.9,0.5,0.3,0,0
R3S-in-onerepaint-1,#111,in,1,13,100,29.7,0.1,5.3,2.1,2.2,0.7,0.1,0,0
R3S-in-onerepaint-1,#111,in,1,14,103,37.4,0.1,6.4,2.9,2.1,0.5,0.2,0,0
R3S-in-onerepaint-1,#111,in,1,15,95,27.5,0.1,4.8,2,2.1,0.6,0.1,0,0
R3S-in-onerepaint-1,#111,in,1,16,92,26.9,0,5.6,1.6,3,0.6,0.2,0,0
R3S-in-onerepaint-1,#111,in,1,17,91,28.8,0,5.8,2,2.9,0.7,0.1,0,0
R3S-in-onerepaint-1,#111,in,1,18,80,25.2,0.1,4.9,1.4,2.5,0.9,0.2,0,0
R3S-in-onerepaint-1,#111,in,1,19,78,25.3,0,4,1.3,2.2,0.6,0.2,0.1,0
R3S-in-onerepaint-1,#111,in,1,20,84,27.9,0,5.6,1.8,2.7,0.6,0.3,0.1,0.1
R3S-in-onerepaint-2,#111,in,2,1,99,32.5,0.1,6,2.1,2.8,0.8,0.1,0,0
R3S-in-onerepaint-2,#111,in,2,2,93,29.4,0,5.6,1.8,2.5,0.9,0.3,0,0
R3S-in-onerepaint-2,#111,in,2,3,88,26.1,0.1,6.2,1.8,3.3,0.9,0.2,0,0
R3S-in-onerepaint-2,#111,in,2,4,81,25.6,0,5,1.7,2,0.6,0.3,0,0
R3S-in-onerepaint-2,#111,in,2,5,93,28.7,0,6.3,1.8,3,1.1,0.2,0.1,0
R3S-in-onerepaint-2,#111,in,2,6,98,31.5,0.1,6.1,2,2.7,1.1,0.2,0,0
R3S-in-onerepaint-2,#111,in,2,7,90,27.9,0,5.5,1.8,2.6,0.5,0.2,0.1,0
R3S-in-onerepaint-2,#111,in,2,8,100,31.8,0.1,7,2.2,3.1,0.9,0.2,0,0
R3S-in-onerepaint-2,#111,in,2,9,213,32.3,0,5.4,2.1,2.5,0.6,0.1,0,0.1
R3S-in-onerepaint-2,#111,in,2,10,144,53.9,0.1,8.2,4,2.9,0.7,0.2,0,0
R3S-in-onerepaint-2,#111,in,2,11,107,40.9,0.1,6.2,2,2.4,0.6,0.1,0.1,0
R3S-in-onerepaint-2,#111,in,2,12,89,31.2,0.2,4.5,1.8,1.8,0.4,0.1,0,0
R3S-in-onerepaint-2,#111,in,2,13,92,30.8,0.1,4,1.7,1.7,0.4,0.2,0,0
R3S-in-onerepaint-2,#111,in,2,14,89,29.3,0,4.3,1.7,1.8,0.7,0,0,0
R3S-in-onerepaint-2,#111,in,2,15,94,28.7,0,5.9,1.6,2.7,0.9,0.3,0.1,0
R3S-in-onerepaint-2,#111,in,2,16,88,29.6,0.1,5.1,1.8,2.4,0.5,0.1,0,0
R3S-in-onerepaint-2,#111,in,2,17,95,27,0.1,5.6,1.8,2.6,1,0.1,0,0
R3S-in-onerepaint-2,#111,in,2,18,95,28.1,0.1,5.2,1.7,2.5,0.8,0.1,0,0.1
R3S-in-onerepaint-2,#111,in,2,19,103,33.7,0.1,5.6,2.2,2.3,0.8,0.1,0,0
R3S-in-onerepaint-2,#111,in,2,20,79,26.3,0,3.6,1.3,1.8,0.3,0.1,0.1,0
R3S-out-firstbuild-1,#110,out,1,1,125,56.6,31,6.4,2.8,2.3,0.6,0.1,0,0
R3S-out-firstbuild-1,#110,out,1,2,138,64.3,34.1,7,3.4,1.9,0.6,0.2,0,0
R3S-out-firstbuild-1,#110,out,1,3,122,52,26.7,7.2,3.4,2.3,0.7,0.2,0,0
R3S-out-firstbuild-1,#110,out,1,4,118,54,24.9,5.6,2.6,1.7,0.4,0.1,0,0.1
R3S-out-firstbuild-1,#110,out,1,5,139,64.6,34.7,7,3.7,1.8,0.7,0.1,0.1,0
R3S-out-firstbuild-1,#110,out,1,6,123,51.7,28.2,6.2,2.6,2.3,0.7,0.1,0,0
R3S-out-firstbuild-1,#110,out,1,7,122,55.7,27.4,5.7,2.9,1.6,0.4,0.2,0,0
R3S-out-firstbuild-1,#110,out,1,8,126,55.4,27.5,7.1,3.3,2.5,0.6,0.1,0,0
R3S-out-firstbuild-1,#110,out,1,9,118,53.7,30.1,6.4,3.2,1.7,0.4,0.2,0,0
R3S-out-firstbuild-1,#110,out,1,10,128,62.7,33.8,7.4,3.6,1.9,0.7,0.1,0,0
R3S-out-firstbuild-1,#110,out,1,11,137,60.1,27.8,7.4,3.5,1.9,0.7,0.2,0,0
R3S-out-firstbuild-1,#110,out,1,12,115,49.9,25.5,6.4,3.4,1.7,0.6,0.2,0,0
R3S-out-firstbuild-1,#110,out,1,13,120,53.7,28.1,6.7,3.1,2.5,0.5,0.2,0,0
R3S-out-firstbuild-1,#110,out,1,14,118,53.4,24.9,5.7,2.8,1.5,0.4,0.1,0.1,0
R3S-out-firstbuild-1,#110,out,1,15,122,56.2,27.3,7.1,2.8,2.8,0.4,0.4,0,0
R3S-out-firstbuild-1,#110,out,1,16,124,51,24.1,6.4,3,1.9,0.3,0.2,0,0
R3S-out-firstbuild-1,#110,out,1,17,137,56.7,30.1,7.3,3.6,2.3,0.9,0.3,0,0
R3S-out-firstbuild-1,#110,out,1,18,130,58.5,27.1,6.5,3.3,1.9,0.5,0.1,0,0
R3S-out-firstbuild-1,#110,out,1,19,117,48.8,24.7,6.2,3.4,1.5,0.4,0.2,0,0.1
R3S-out-firstbuild-1,#110,out,1,20,141,58.3,30.4,7.1,3.3,2.1,0.5,0.3,0.1,0
R3S-out-firstbuild-2,#110,out,2,1,123,54.2,28.3,6.7,3.3,2,0.3,0.2,0,0
R3S-out-firstbuild-2,#110,out,2,2,122,52.7,22.3,6.4,3.1,1.7,0.4,0.3,0,0
R3S-out-firstbuild-2,#110,out,2,3,134,55,28.3,7.7,3.4,2.3,0.7,0.2,0,0
R3S-out-firstbuild-2,#110,out,2,4,119,48.6,24.9,6.5,3.2,2,0.4,0.3,0,0
R3S-out-firstbuild-2,#110,out,2,5,121,56,31.3,6.7,2.9,2,0.7,0.2,0,0
R3S-out-firstbuild-2,#110,out,2,6,129,56.2,27.6,7.1,3.9,2.1,0.7,0.3,0,0
R3S-out-firstbuild-2,#110,out,2,7,120,49.6,24,6.8,3.5,2.2,0.6,0.2,0,0
R3S-out-firstbuild-2,#110,out,2,8,124,53.5,23.4,8.2,3.9,2.3,0.7,0.2,0,0
R3S-out-firstbuild-2,#110,out,2,9,123,56.3,31.5,6.8,3.4,1.6,0.6,0,0,0.1
R3S-out-firstbuild-2,#110,out,2,10,123,50.6,25.1,6.1,3,1.8,0.7,0.1,0,0
R3S-out-firstbuild-2,#110,out,2,11,128,58.5,29.1,7.7,3.4,2.5,0.6,0.1,0,0
R3S-out-firstbuild-2,#110,out,2,12,117,49.5,23.8,6.6,3.5,1.9,0.5,0.3,0.1,0
R3S-out-firstbuild-2,#110,out,2,13,125,59,32.4,7.1,3.4,2.2,0.4,0.2,0,0
R3S-out-firstbuild-2,#110,out,2,14,152,68.8,36.9,7.8,3.5,2.5,0.7,0.3,0,0
R3S-out-firstbuild-2,#110,out,2,15,129,54,23.6,5.8,2.7,1.8,0.5,0.2,0.1,0
R3S-out-firstbuild-2,#110,out,2,16,138,53.3,26.5,7.5,3.3,2.9,0.6,0.5,0,0
R3S-out-firstbuild-2,#110,out,2,17,125,54.5,24.6,7.6,4,2.2,0.8,0,0,0
R3S-out-firstbuild-2,#110,out,2,18,132,60.1,30.9,7.8,3.8,2.1,0.6,0.1,0,0
R3S-out-firstbuild-2,#110,out,2,19,121,52.2,29.5,5.9,2.7,1.8,0.7,0.3,0,0
R3S-out-firstbuild-2,#110,out,2,20,116,49.9,25.9,6.7,2.9,2,0.7,0.3,0,0
R3S-out-onerepaint-1,#111,out,1,1,131,33.5,0.1,6.3,3.1,2.1,0.7,0.2,0,0
R3S-out-onerepaint-1,#111,out,1,2,121,33.7,0,5,2.6,1.7,0.5,0.3,0,0
R3S-out-onerepaint-1,#111,out,1,3,110,32.8,0.1,5.4,2.2,2.2,0.8,0.1,0,0
R3S-out-onerepaint-1,#111,out,1,4,114,31.2,0.1,6,2.6,2.4,0.7,0,0,0
R3S-out-onerepaint-1,#111,out,1,5,142,47.1,0,6.5,2.5,2.7,0.9,0.3,0,0
R3S-out-onerepaint-1,#111,out,1,6,117,33.5,0,6.3,2.6,2.6,0.6,0.1,0,0
R3S-out-onerepaint-1,#111,out,1,7,107,29.1,0,5.5,2,2.4,0.6,0.2,0,0
R3S-out-onerepaint-1,#111,out,1,8,103,29.6,0,5.3,2.2,2,0.6,0.1,0,0.2
R3S-out-onerepaint-1,#111,out,1,9,115,31.7,0.1,5.1,2.1,2,0.4,0.1,0.1,0
R3S-out-onerepaint-1,#111,out,1,10,113,33.1,0.1,6.1,2.3,2.4,0.6,0.2,0,0
R3S-out-onerepaint-1,#111,out,1,11,113,34,0.1,5.6,2.4,2.6,0.6,0,0,0
R3S-out-onerepaint-1,#111,out,1,12,114,30.2,0,5.6,2.4,2.4,0.6,0.2,0,0
R3S-out-onerepaint-1,#111,out,1,13,104,29.6,0.1,5.6,2.3,2.3,0.6,0.1,0,0
R3S-out-onerepaint-1,#111,out,1,14,99,28.3,0.2,5.4,2.3,2.5,0.6,0.1,0,0
R3S-out-onerepaint-1,#111,out,1,15,114,31.4,0.1,6.6,2.6,3.3,0.6,0.2,0,0
R3S-out-onerepaint-1,#111,out,1,16,103,31.5,0,5.8,2.4,2.4,0.5,0.2,0,0.1
R3S-out-onerepaint-1,#111,out,1,17,97,26.4,0,4.6,2,1.9,0.5,0.1,0,0
R3S-out-onerepaint-1,#111,out,1,18,113,30.7,0,5.3,2.3,2.1,0.6,0.1,0,0
R3S-out-onerepaint-1,#111,out,1,19,107,28.1,0,4.8,2.1,1.9,0.5,0.2,0,0
R3S-out-onerepaint-1,#111,out,1,20,108,33.4,0.1,6.1,2.1,2.7,0.7,0.2,0,0
R3S-out-onerepaint-2,#111,out,2,1,98,28.1,0.1,7.1,3,2.9,0.9,0.1,0,0
R3S-out-onerepaint-2,#111,out,2,2,106,32.4,0,8.7,4.4,2.6,1.1,0.3,0,0
R3S-out-onerepaint-2,#111,out,2,3,112,32.1,0.1,8.3,3.3,2.8,1.1,0.1,0,0
R3S-out-onerepaint-2,#111,out,2,4,98,28.5,0.2,6.8,2.9,2.9,0.6,0.2,0,0
R3S-out-onerepaint-2,#111,out,2,5,110,31.8,0.1,8.1,3.8,3.1,0.8,0.1,0,0
R3S-out-onerepaint-2,#111,out,2,6,111,34.5,0.1,7.8,3.2,3.1,0.7,0.1,0,0
R3S-out-onerepaint-2,#111,out,2,7,100,26.2,0.1,7.1,3.3,2.6,0.9,0.1,0,0
R3S-out-onerepaint-2,#111,out,2,8,96,28.7,0,6.8,2.8,2.9,0.8,0.1,0,0
R3S-out-onerepaint-2,#111,out,2,9,119,27.8,0.1,7.6,3.2,3.1,0.8,0.1,0,0
R3S-out-onerepaint-2,#111,out,2,10,102,25.7,0,6.1,2.7,2.3,0.6,0.1,0,0
R3S-out-onerepaint-2,#111,out,2,11,91,24.6,0,7.6,3.2,2.9,0.8,0.1,0,0
R3S-out-onerepaint-2,#111,out,2,12,113,32.8,0.1,7.7,3.2,3.5,0.6,0.2,0,0.1
R3S-out-onerepaint-2,#111,out,2,13,98,28.1,0,6.8,2.7,3,0.5,0.1,0,0
R3S-out-onerepaint-2,#111,out,2,14,106,34.4,0,7.7,3.5,2.8,0.7,0.1,0,0
R3S-out-onerepaint-2,#111,out,2,15,93,24.1,0.1,9.1,3.3,4.6,0.6,0.3,0,0.1
R3S-out-onerepaint-2,#111,out,2,16,102,30.4,0,6.5,2.7,2.7,0.8,0.1,0,0
R3S-out-onerepaint-2,#111,out,2,17,99,25.9,0.1,7.5,2.9,3.1,0.7,0.1,0,0
R3S-out-onerepaint-2,#111,out,2,18,107,34.2,0.1,7.4,3.2,2.6,1,0.1,0,0
R3S-out-onerepaint-2,#111,out,2,19,120,33.7,0,8.5,3.4,3.2,0.8,0.3,0,0
R3S-out-onerepaint-2,#111,out,2,20,106,30,0,7.4,3.5,2.8,0.7,0.3,0,0
