label,vault,build,pair,round,switch,nodes_drawn,refilters_per_switch,blocked_ms,second_frame_ms,first_frame_ms,sync_ms
H20k-release-in,bench 20k,1.38.0,in,1,1,4168,1,154,176.3,162.1,5.9
H20k-release-in,bench 20k,1.38.0,in,1,2,4168,1,179,189.2,6,6
H20k-release-in,bench 20k,1.38.0,in,1,3,4168,1,169,178.6,5.3,5.1
H20k-release-in,bench 20k,1.38.0,in,1,4,4168,1,161,170,4.9,4.8
H20k-release-in,bench 20k,1.38.0,in,1,5,4168,1,166,175.7,5.8,5.6
H20k-release-in,bench 20k,1.38.0,in,1,6,4168,1,151,161,5.9,5.8
H20k-release-in,bench 20k,1.38.0,in,1,7,4168,1,167,176.8,5.9,5.8
H20k-release-in,bench 20k,1.38.0,in,1,8,4168,1,162,171.7,6,5.8
H20k-release-in,bench 20k,1.38.0,in,1,9,4168,1,166,175.1,5.5,5.4
H20k-release-in,bench 20k,1.38.0,in,1,10,4168,1,159,168.5,5.4,5.3
H20k-release-in,bench 20k,1.38.0,in,1,11,4168,1,167,176.2,5.4,5.3
H20k-release-in,bench 20k,1.38.0,in,1,12,4168,1,160,169.4,5.9,5.8
H20k-release-in,bench 20k,1.38.0,in,1,13,4168,1,152,160.7,5,4.9
H20k-release-in,bench 20k,1.38.0,in,1,14,4168,1,149,157.4,4.9,4.8
H20k-release-in,bench 20k,1.38.0,in,1,15,4168,1,162,171.2,5.8,5.7
H20k-release-in,bench 20k,1.38.0,in,1,16,4168,1,153,163.1,6.1,6
H20k-release-in,bench 20k,1.38.0,in,1,17,4168,1,150,157.6,4.6,4.5
H20k-release-in,bench 20k,1.38.0,in,1,18,4168,1,154,161.7,4.7,4.6
H20k-release-in,bench 20k,1.38.0,in,1,19,4168,1,148,156.9,5.4,5.2
H20k-release-in,bench 20k,1.38.0,in,1,20,4168,1,144,154.5,6.1,5.9
H20k-fixA-in,bench 20k,#108,in,1,1,4168,1,131,139.8,5,4.9
H20k-fixA-in,bench 20k,#108,in,1,2,4168,1,116,125.8,5.3,5.1
H20k-fixA-in,bench 20k,#108,in,1,3,4168,1,128,137.5,5.7,5.6
H20k-fixA-in,bench 20k,#108,in,1,4,4168,1,122,130.8,5,4.9
H20k-fixA-in,bench 20k,#108,in,1,5,4168,1,122,131.4,5.2,5
H20k-fixA-in,bench 20k,#108,in,1,6,4168,1,119,128.8,6.4,6.2
H20k-fixA-in,bench 20k,#108,in,1,7,4168,1,119,127,4.7,4.4
H20k-fixA-in,bench 20k,#108,in,1,8,4168,1,126,135.8,6,5.8
H20k-fixA-in,bench 20k,#108,in,1,9,4168,1,113,122.5,5.3,5.2
H20k-fixA-in,bench 20k,#108,in,1,10,4168,1,117,125.7,5.1,5
H20k-fixA-in,bench 20k,#108,in,1,11,4168,1,115,124.2,5.1,5
H20k-fixA-in,bench 20k,#108,in,1,12,4168,1,118,126.3,5.1,5
H20k-fixA-in,bench 20k,#108,in,1,13,4168,1,127,136.1,5.7,5.4
H20k-fixA-in,bench 20k,#108,in,1,14,4168,1,115,123.3,4.9,4.8
H20k-fixA-in,bench 20k,#108,in,1,15,4168,1,118,126.1,4.6,4.4
H20k-fixA-in,bench 20k,#108,in,1,16,4168,1,116,125.3,5.2,5
H20k-fixA-in,bench 20k,#108,in,1,17,4168,1,117,126.5,5.6,5.5
H20k-fixA-in,bench 20k,#108,in,1,18,4168,1,112,120.7,5.6,5.4
H20k-fixA-in,bench 20k,#108,in,1,19,4168,1,126,135,5.1,5
H20k-fixA-in,bench 20k,#108,in,1,20,4168,1,118,125.8,4.4,4.2
H20k-fixAB-in,bench 20k,#109,in,1,1,4168,0,115,125.1,6.5,6.5
H20k-fixAB-in,bench 20k,#109,in,1,2,4168,0,113,121.6,4.7,4.6
H20k-fixAB-in,bench 20k,#109,in,1,3,4168,0,109,117.1,4.9,4.7
H20k-fixAB-in,bench 20k,#109,in,1,4,4168,0,105,114.2,5.3,5.2
H20k-fixAB-in,bench 20k,#109,in,1,5,4168,0,107,116.2,5.6,5.5
H20k-fixAB-in,bench 20k,#109,in,1,6,4168,0,118,128.6,6.1,6
H20k-fixAB-in,bench 20k,#109,in,1,7,4168,0,110,118.9,5.1,5
H20k-fixAB-in,bench 20k,#109,in,1,8,4168,0,121,130.5,5.4,5.3
H20k-fixAB-in,bench 20k,#109,in,1,9,4168,0,122,131.6,5.7,5.6
H20k-fixAB-in,bench 20k,#109,in,1,10,4168,0,117,125.7,5,4.9
H20k-fixAB-in,bench 20k,#109,in,1,11,4168,0,131,140.9,6.1,6
H20k-fixAB-in,bench 20k,#109,in,1,12,4168,0,123,132.8,5.7,5.6
H20k-fixAB-in,bench 20k,#109,in,1,13,4168,0,117,128.1,6.7,6.7
H20k-fixAB-in,bench 20k,#109,in,1,14,4168,0,107,117,6.7,6.6
H20k-fixAB-in,bench 20k,#109,in,1,15,4168,0,104,113.1,5.3,5.2
H20k-fixAB-in,bench 20k,#109,in,1,16,4168,0,126,136.2,5.5,5.3
H20k-fixAB-in,bench 20k,#109,in,1,17,4168,0,125,135.4,6,5.8
H20k-fixAB-in,bench 20k,#109,in,1,18,4168,0,119,128.3,5.2,5.1
H20k-fixAB-in,bench 20k,#109,in,1,19,4168,0,114,121.7,4.7,4.6
H20k-fixAB-in,bench 20k,#109,in,1,20,4168,0,116,126.7,5.9,5.8
R3-in-firstbuild-1,bench 20k,#110,in,1,1,4168,0,115,141,11.6,1.4
R3-in-firstbuild-1,bench 20k,#110,in,1,2,4168,0,127,157.7,15.5,1.7
R3-in-firstbuild-1,bench 20k,#110,in,1,3,4168,0,112,138.4,12.9,1.6
R3-in-firstbuild-1,bench 20k,#110,in,1,4,4168,0,114,147.1,12.7,1.6
R3-in-firstbuild-1,bench 20k,#110,in,1,5,4168,0,109,142.1,16.9,1.5
R3-in-firstbuild-1,bench 20k,#110,in,1,6,4168,0,132,169.2,14.7,1.6
R3-in-firstbuild-1,bench 20k,#110,in,1,7,4168,0,111,136.3,10.5,1.4
R3-in-firstbuild-1,bench 20k,#110,in,1,8,4168,0,104,132.7,15.4,1.5
R3-in-firstbuild-1,bench 20k,#110,in,1,9,4168,0,106,132.9,13.5,1.5
R3-in-firstbuild-1,bench 20k,#110,in,1,10,4168,0,108,136.8,13.5,1.5
R3-in-firstbuild-1,bench 20k,#110,in,1,11,4168,0,105,133,15.4,1.6
R3-in-firstbuild-1,bench 20k,#110,in,1,12,4168,0,102,128.7,12.6,1.6
R3-in-firstbuild-1,bench 20k,#110,in,1,13,4168,0,105,131.7,14.4,1.6
R3-in-firstbuild-1,bench 20k,#110,in,1,14,4168,0,121,151.5,15.4,1.5
R3-in-firstbuild-1,bench 20k,#110,in,1,15,4168,0,119,148.6,10.8,1.5
R3-in-firstbuild-1,bench 20k,#110,in,1,16,4168,0,103,130.5,13.8,1.7
R3-in-firstbuild-1,bench 20k,#110,in,1,17,4168,0,105,130.6,12.4,1.5
R3-in-firstbuild-1,bench 20k,#110,in,1,18,4168,0,122,149.6,11.2,1.6
R3-in-firstbuild-1,bench 20k,#110,in,1,19,4168,0,111,139.6,12.2,1.8
R3-in-firstbuild-1,bench 20k,#110,in,1,20,4168,0,121,151.8,13.1,2.2
R3-in-onerepaint-1,bench 20k,#111,in,1,1,4168,0,92,120.9,13.3,1.8
R3-in-onerepaint-1,bench 20k,#111,in,1,2,4168,0,94,124.8,13.2,1.9
R3-in-onerepaint-1,bench 20k,#111,in,1,3,4168,0,106,142.9,16.3,1.8
R3-in-onerepaint-1,bench 20k,#111,in,1,4,4168,0,113,146.3,16.5,1.7
R3-in-onerepaint-1,bench 20k,#111,in,1,5,4168,0,96,125.9,12.9,1.9
R3-in-onerepaint-1,bench 20k,#111,in,1,6,4168,0,98,134.6,19.7,1.7
R3-in-onerepaint-1,bench 20k,#111,in,1,7,4168,0,100,132.8,18.3,1.3
R3-in-onerepaint-1,bench 20k,#111,in,1,8,4168,0,87,118.1,14.8,1.6
R3-in-onerepaint-1,bench 20k,#111,in,1,9,4168,0,88,117.3,12.8,1.7
R3-in-onerepaint-1,bench 20k,#111,in,1,10,4168,0,85,113.7,14.1,1.8
R3-in-onerepaint-1,bench 20k,#111,in,1,11,4168,0,87,113.7,11.3,1.5
R3-in-onerepaint-1,bench 20k,#111,in,1,12,4168,0,94,128.4,17.2,1.5
R3-in-onerepaint-1,bench 20k,#111,in,1,13,4168,0,83,117.8,18.3,1.6
R3-in-onerepaint-1,bench 20k,#111,in,1,14,4168,0,95,127.3,13.2,1.7
R3-in-onerepaint-1,bench 20k,#111,in,1,15,4168,0,79,107.9,13.6,1.5
R3-in-onerepaint-1,bench 20k,#111,in,1,16,4168,0,88,112.3,11.9,1.6
R3-in-onerepaint-1,bench 20k,#111,in,1,17,4168,0,81,106.7,12.1,1.5
R3-in-onerepaint-1,bench 20k,#111,in,1,18,4168,0,77,104.7,13.6,1.5
R3-in-onerepaint-1,bench 20k,#111,in,1,19,4168,0,79,108.9,12.9,2.2
R3-in-onerepaint-1,bench 20k,#111,in,1,20,4168,0,88,118.9,14.7,1.2
R3-in-firstbuild-2,bench 20k,#110,in,2,1,4168,0,132,161.3,14.3,1.5
R3-in-firstbuild-2,bench 20k,#110,in,2,2,4168,0,112,137.2,12,1.7
R3-in-firstbuild-2,bench 20k,#110,in,2,3,4168,0,123,157,15.4,1.4
R3-in-firstbuild-2,bench 20k,#110,in,2,4,4168,0,113,140,13,1.5
R3-in-firstbuild-2,bench 20k,#110,in,2,5,4168,0,108,133.5,12.3,1.4
R3-in-firstbuild-2,bench 20k,#110,in,2,6,4168,0,119,153,14.9,1.7
R3-in-firstbuild-2,bench 20k,#110,in,2,7,4168,0,130,161,12.6,1.3
R3-in-firstbuild-2,bench 20k,#110,in,2,8,4168,0,120,150.3,14.2,1.4
R3-in-firstbuild-2,bench 20k,#110,in,2,9,4168,0,103,131.1,14,1.6
R3-in-firstbuild-2,bench 20k,#110,in,2,10,4168,0,111,134.9,11.9,1.5
R3-in-firstbuild-2,bench 20k,#110,in,2,11,4168,0,109,134.2,12.9,1.8
R3-in-firstbuild-2,bench 20k,#110,in,2,12,4168,0,101,127.3,11.3,1.6
R3-in-firstbuild-2,bench 20k,#110,in,2,13,4168,0,121,153.1,15.5,1.5
R3-in-firstbuild-2,bench 20k,#110,in,2,14,4168,0,111,140.3,12.3,1.7
R3-in-firstbuild-2,bench 20k,#110,in,2,15,4168,0,117,143.4,14,2.2
R3-in-firstbuild-2,bench 20k,#110,in,2,16,4168,0,117,144.9,12.8,1.5
R3-in-firstbuild-2,bench 20k,#110,in,2,17,4168,0,112,138,11.2,1.6
R3-in-firstbuild-2,bench 20k,#110,in,2,18,4168,0,116,151,18.4,1.6
R3-in-firstbuild-2,bench 20k,#110,in,2,19,4168,0,106,133.4,11.3,1.6
R3-in-firstbuild-2,bench 20k,#110,in,2,20,4168,0,110,142.8,14.1,1.8
R3-in-onerepaint-2,bench 20k,#111,in,2,1,4168,0,102,132.6,13.8,1.8
R3-in-onerepaint-2,bench 20k,#111,in,2,2,4168,0,81,105.7,11.6,1.6
R3-in-onerepaint-2,bench 20k,#111,in,2,3,4168,0,92,119.8,14.4,1.6
R3-in-onerepaint-2,bench 20k,#111,in,2,4,4168,0,98,131.3,12.7,1.6
R3-in-onerepaint-2,bench 20k,#111,in,2,5,4168,0,81,107.5,12.5,1.7
R3-in-onerepaint-2,bench 20k,#111,in,2,6,4168,0,85,114.9,14.3,1.7
R3-in-onerepaint-2,bench 20k,#111,in,2,7,4168,0,93,122.6,15,1.7
R3-in-onerepaint-2,bench 20k,#111,in,2,8,4168,0,84,107.7,10.1,1.3
R3-in-onerepaint-2,bench 20k,#111,in,2,9,4168,0,83,112.5,15,2.2
R3-in-onerepaint-2,bench 20k,#111,in,2,10,4168,0,81,109.9,14.4,1.6
R3-in-onerepaint-2,bench 20k,#111,in,2,11,4168,0,79,106.9,11.3,1.6
R3-in-onerepaint-2,bench 20k,#111,in,2,12,4168,0,89,121.3,13.9,1.8
R3-in-onerepaint-2,bench 20k,#111,in,2,13,4168,0,87,116.1,15.1,1.8
R3-in-onerepaint-2,bench 20k,#111,in,2,14,4168,0,88,119.4,14.7,1.6
R3-in-onerepaint-2,bench 20k,#111,in,2,15,4168,0,80,110.7,14,1.9
R3-in-onerepaint-2,bench 20k,#111,in,2,16,4168,0,87,117.6,15.2,2.2
R3-in-onerepaint-2,bench 20k,#111,in,2,17,4168,0,81,107.9,11.6,1.7
R3-in-onerepaint-2,bench 20k,#111,in,2,18,4168,0,81,111,13,1.7
R3-in-onerepaint-2,bench 20k,#111,in,2,19,4168,0,86,110.6,10.8,1.5
R3-in-onerepaint-2,bench 20k,#111,in,2,20,4168,0,92,123.2,12.7,1.5
H20k-release-out,bench 20k,1.38.0,out,1,1,4169,1,175,211.4,18.6,6.1
H20k-release-out,bench 20k,1.38.0,out,1,2,4169,1,183,212.9,15.4,4.9
H20k-release-out,bench 20k,1.38.0,out,1,3,4169,1,180,210,15.6,5.1
H20k-release-out,bench 20k,1.38.0,out,1,4,4169,1,180,214.2,18.6,6.2
H20k-release-out,bench 20k,1.38.0,out,1,5,4169,1,170,201.7,17.2,4.8
H20k-release-out,bench 20k,1.38.0,out,1,6,4169,1,184,221.6,20.1,5.1
H20k-release-out,bench 20k,1.38.0,out,1,7,4169,1,171,202.4,16.9,5
H20k-release-out,bench 20k,1.38.0,out,1,8,4169,1,167,200.1,17.1,5.3
H20k-release-out,bench 20k,1.38.0,out,1,9,4169,1,179,209.8,17.7,6.3
H20k-release-out,bench 20k,1.38.0,out,1,10,4169,1,168,200.8,18.9,5.2
H20k-release-out,bench 20k,1.38.0,out,1,11,4169,1,180,216.9,19.9,5.9
H20k-release-out,bench 20k,1.38.0,out,1,12,4169,1,171,204.7,19.3,4.7
H20k-release-out,bench 20k,1.38.0,out,1,13,4169,1,171,201.4,15.2,5.1
H20k-release-out,bench 20k,1.38.0,out,1,14,4169,1,172,203.9,16.1,4.9
H20k-release-out,bench 20k,1.38.0,out,1,15,4169,1,185,218,17.8,6.1
H20k-release-out,bench 20k,1.38.0,out,1,16,4169,1,178,210.8,16.5,5.3
H20k-release-out,bench 20k,1.38.0,out,1,17,4169,1,169,199.3,15.7,5
H20k-release-out,bench 20k,1.38.0,out,1,18,4169,1,175,208,15.7,4.8
H20k-release-out,bench 20k,1.38.0,out,1,19,4169,1,170,201.5,18,5.4
H20k-release-out,bench 20k,1.38.0,out,1,20,4169,1,183,214,16.1,5.2
H20k-fixA-out,bench 20k,#108,out,1,1,4169,1,133,164.8,18.5,5.7
H20k-fixA-out,bench 20k,#108,out,1,2,4169,1,128,159.1,14.7,5.2
H20k-fixA-out,bench 20k,#108,out,1,3,4169,1,126,155.5,15,4.8
H20k-fixA-out,bench 20k,#108,out,1,4,4169,1,125,158.2,14.9,5.7
H20k-fixA-out,bench 20k,#108,out,1,5,4169,1,130,166.1,19.6,6.6
H20k-fixA-out,bench 20k,#108,out,1,6,4169,1,124,162.1,21.7,6
H20k-fixA-out,bench 20k,#108,out,1,7,4169,1,123,152.9,16,5.5
H20k-fixA-out,bench 20k,#108,out,1,8,4169,1,136,172.4,21.5,5.8
H20k-fixA-out,bench 20k,#108,out,1,9,4169,1,123,154.7,15.4,5
H20k-fixA-out,bench 20k,#108,out,1,10,4169,1,137,174.5,18.5,6.2
H20k-fixA-out,bench 20k,#108,out,1,11,4169,1,130,165.6,20,5.1
H20k-fixA-out,bench 20k,#108,out,1,12,4169,1,116,149.1,16.7,5.5
H20k-fixA-out,bench 20k,#108,out,1,13,4169,1,135,170.3,18.1,6.1
H20k-fixA-out,bench 20k,#108,out,1,14,4169,1,132,166.3,19.5,6
H20k-fixA-out,bench 20k,#108,out,1,15,4169,1,131,168,18,6.4
H20k-fixA-out,bench 20k,#108,out,1,16,4169,1,125,157.7,15.8,4.6
H20k-fixA-out,bench 20k,#108,out,1,17,4169,1,117,150.6,16.5,5
H20k-fixA-out,bench 20k,#108,out,1,18,4169,1,129,165.4,20.7,6.2
H20k-fixA-out,bench 20k,#108,out,1,19,4169,1,121,152.6,16.7,5.7
H20k-fixA-out,bench 20k,#108,out,1,20,4169,1,123,153.3,15.1,4.6
H20k-fixAB-out,bench 20k,#109,out,1,1,4169,1,125,154.5,15.8,6.1
H20k-fixAB-out,bench 20k,#109,out,1,2,4169,1,126,158.3,14.6,4.6
H20k-fixAB-out,bench 20k,#109,out,1,3,4169,1,126,157.7,18.1,6
H20k-fixAB-out,bench 20k,#109,out,1,4,4169,1,125,155.5,13.2,4.7
H20k-fixAB-out,bench 20k,#109,out,1,5,4169,1,129,159.3,14.6,5.4
H20k-fixAB-out,bench 20k,#109,out,1,6,4169,1,126,161.2,18.3,5.6
H20k-fixAB-out,bench 20k,#109,out,1,7,4169,1,127,160.5,16.6,6.4
H20k-fixAB-out,bench 20k,#109,out,1,8,4169,1,134,167.3,18.2,5.6
H20k-fixAB-out,bench 20k,#109,out,1,9,4169,1,124,157,16,5.2
H20k-fixAB-out,bench 20k,#109,out,1,10,4169,1,121,156.5,22.2,7.4
H20k-fixAB-out,bench 20k,#109,out,1,11,4169,1,123,150.4,13.6,4.7
H20k-fixAB-out,bench 20k,#109,out,1,12,4169,1,125,159.7,16.8,5.2
H20k-fixAB-out,bench 20k,#109,out,1,13,4169,1,141,174.3,17.7,5.9
H20k-fixAB-out,bench 20k,#109,out,1,14,4169,1,127,164.5,19.1,5.4
H20k-fixAB-out,bench 20k,#109,out,1,15,4169,1,132,164.2,15.8,4.6
H20k-fixAB-out,bench 20k,#109,out,1,16,4169,1,141,177.6,17.4,5.9
H20k-fixAB-out,bench 20k,#109,out,1,17,4169,1,127,158.1,18.1,5.9
H20k-fixAB-out,bench 20k,#109,out,1,18,4169,1,129,162,16.4,4.6
H20k-fixAB-out,bench 20k,#109,out,1,19,4169,1,127,157.1,16,5
H20k-fixAB-out,bench 20k,#109,out,1,20,4169,1,130,161.9,16.7,5.1
R3-out-firstbuild-1,bench 20k,#110,out,1,1,4169,1,164,202.2,18.7,2.4
R3-out-firstbuild-1,bench 20k,#110,out,1,2,4169,1,132,161,12.9,2
R3-out-firstbuild-1,bench 20k,#110,out,1,3,4169,1,121,151.6,14.7,1.4
R3-out-firstbuild-1,bench 20k,#110,out,1,4,4169,1,119,155.6,17,1.5
R3-out-firstbuild-1,bench 20k,#110,out,1,5,4169,1,124,150.6,12.5,1.5
R3-out-firstbuild-1,bench 20k,#110,out,1,6,4169,1,133,168,16.3,1.9
R3-out-firstbuild-1,bench 20k,#110,out,1,7,4169,1,136,166.5,15.6,1.5
R3-out-firstbuild-1,bench 20k,#110,out,1,8,4169,1,130,157.4,14,1.9
R3-out-firstbuild-1,bench 20k,#110,out,1,9,4169,1,143,175.5,16.5,1.6
R3-out-firstbuild-1,bench 20k,#110,out,1,10,4169,1,122,151.7,12.7,2.1
R3-out-firstbuild-1,bench 20k,#110,out,1,11,4169,1,137,169.2,16.7,1.7
R3-out-firstbuild-1,bench 20k,#110,out,1,12,4169,1,145,179.3,15.3,1.5
R3-out-firstbuild-1,bench 20k,#110,out,1,13,4169,1,132,158.2,11.1,1.7
R3-out-firstbuild-1,bench 20k,#110,out,1,14,4169,1,123,153.9,15.9,1.4
R3-out-firstbuild-1,bench 20k,#110,out,1,15,4169,1,142,176.2,16.4,1.8
R3-out-firstbuild-1,bench 20k,#110,out,1,16,4169,1,142,176.7,17.6,1.8
R3-out-firstbuild-1,bench 20k,#110,out,1,17,4169,1,150,191.2,23.3,1.9
R3-out-firstbuild-1,bench 20k,#110,out,1,18,4169,1,122,149.9,12.8,1.6
R3-out-firstbuild-1,bench 20k,#110,out,1,19,4169,1,141,177.8,21.8,1.7
R3-out-firstbuild-1,bench 20k,#110,out,1,20,4169,1,126,156.3,12.9,1.7
R3-out-onerepaint-1,bench 20k,#111,out,1,1,4169,1,109,137.3,13.3,1.6
R3-out-onerepaint-1,bench 20k,#111,out,1,2,4169,1,121,155.1,14.5,1.6
R3-out-onerepaint-1,bench 20k,#111,out,1,3,4169,1,109,144.5,16.7,1.8
R3-out-onerepaint-1,bench 20k,#111,out,1,4,4169,1,125,165,18.9,1.8
R3-out-onerepaint-1,bench 20k,#111,out,1,5,4169,1,123,159.2,18.5,2.1
R3-out-onerepaint-1,bench 20k,#111,out,1,6,4169,1,111,148.9,18.3,1.4
R3-out-onerepaint-1,bench 20k,#111,out,1,7,4169,1,117,159.4,23.1,2.1
R3-out-onerepaint-1,bench 20k,#111,out,1,8,4169,1,120,157.8,18.5,1.6
R3-out-onerepaint-1,bench 20k,#111,out,1,9,4169,1,103,133.1,13.3,1.6
R3-out-onerepaint-1,bench 20k,#111,out,1,10,4169,1,106,141.6,17.2,1.8
R3-out-onerepaint-1,bench 20k,#111,out,1,11,4169,1,108,140.9,15.4,2.4
R3-out-onerepaint-1,bench 20k,#111,out,1,12,4169,1,107,142.4,16.3,2
R3-out-onerepaint-1,bench 20k,#111,out,1,13,4169,1,110,143.7,15.4,1.5
R3-out-onerepaint-1,bench 20k,#111,out,1,14,4169,1,116,155.5,19,1.6
R3-out-onerepaint-1,bench 20k,#111,out,1,15,4169,1,107,140.4,16.4,1.6
R3-out-onerepaint-1,bench 20k,#111,out,1,16,4169,1,117,154.3,16.3,1.7
R3-out-onerepaint-1,bench 20k,#111,out,1,17,4169,1,105,140.1,17.5,1.8
R3-out-onerepaint-1,bench 20k,#111,out,1,18,4169,1,106,136.8,16.4,1.5
R3-out-onerepaint-1,bench 20k,#111,out,1,19,4169,1,108,139.8,15.5,1.5
R3-out-onerepaint-1,bench 20k,#111,out,1,20,4169,1,110,143.1,15.6,1.7
R3-out-firstbuild-2,bench 20k,#110,out,2,1,4169,1,132,157.6,12,1.5
R3-out-firstbuild-2,bench 20k,#110,out,2,2,4169,1,122,155.4,16.8,1.6
R3-out-firstbuild-2,bench 20k,#110,out,2,3,4169,1,123,152.6,16.2,1.5
R3-out-firstbuild-2,bench 20k,#110,out,2,4,4169,1,117,146.6,15.5,1.5
R3-out-firstbuild-2,bench 20k,#110,out,2,5,4169,1,125,155.4,11.9,1.5
R3-out-firstbuild-2,bench 20k,#110,out,2,6,4169,1,136,170.7,15.3,1.7
R3-out-firstbuild-2,bench 20k,#110,out,2,7,4169,1,135,164.9,13.3,1.4
R3-out-firstbuild-2,bench 20k,#110,out,2,8,4169,1,134,170.4,16.3,1.8
R3-out-firstbuild-2,bench 20k,#110,out,2,9,4169,1,121,151.2,14.9,1.4
R3-out-firstbuild-2,bench 20k,#110,out,2,10,4169,1,137,168.7,16.2,1.7
R3-out-firstbuild-2,bench 20k,#110,out,2,11,4169,1,127,155,12.2,1.4
R3-out-firstbuild-2,bench 20k,#110,out,2,12,4169,1,124,151.2,12.6,1.5
R3-out-firstbuild-2,bench 20k,#110,out,2,13,4169,1,133,160.8,13.2,1.7
R3-out-firstbuild-2,bench 20k,#110,out,2,14,4169,1,112,142.4,11.6,1.4
R3-out-firstbuild-2,bench 20k,#110,out,2,15,4169,1,127,155.3,14,1.5
R3-out-firstbuild-2,bench 20k,#110,out,2,16,4169,1,117,148.7,13.3,1.4
R3-out-firstbuild-2,bench 20k,#110,out,2,17,4169,1,124,155.3,13.2,1.6
R3-out-firstbuild-2,bench 20k,#110,out,2,18,4169,1,122,151.9,14.5,1.8
R3-out-firstbuild-2,bench 20k,#110,out,2,19,4169,1,130,163.4,13.4,1.4
R3-out-firstbuild-2,bench 20k,#110,out,2,20,4169,1,143,182.5,19.8,1.5
R3-out-onerepaint-2,bench 20k,#111,out,2,1,4169,1,123,160.8,19.4,1.9
R3-out-onerepaint-2,bench 20k,#111,out,2,2,4169,1,110,143.4,16,1.4
R3-out-onerepaint-2,bench 20k,#111,out,2,3,4169,1,121,153.7,14.7,1.5
R3-out-onerepaint-2,bench 20k,#111,out,2,4,4169,1,103,139.3,17.5,1.5
R3-out-onerepaint-2,bench 20k,#111,out,2,5,4169,1,112,145.6,16.6,1.5
R3-out-onerepaint-2,bench 20k,#111,out,2,6,4169,1,111,143.4,14.9,1.4
R3-out-onerepaint-2,bench 20k,#111,out,2,7,4169,1,120,151.6,14.1,1.6
R3-out-onerepaint-2,bench 20k,#111,out,2,8,4169,1,116,147.2,14.5,1.6
R3-out-onerepaint-2,bench 20k,#111,out,2,9,4169,1,107,145.8,20.2,1.6
R3-out-onerepaint-2,bench 20k,#111,out,2,10,4169,1,108,159.3,15.1,1.6
R3-out-onerepaint-2,bench 20k,#111,out,2,11,4169,1,107,141.3,16.7,2
R3-out-onerepaint-2,bench 20k,#111,out,2,12,4169,1,100,130.5,12.7,1.5
R3-out-onerepaint-2,bench 20k,#111,out,2,13,4169,1,100,132.5,15.5,1.6
R3-out-onerepaint-2,bench 20k,#111,out,2,14,4169,1,96,129.8,16.8,1.3
R3-out-onerepaint-2,bench 20k,#111,out,2,15,4169,1,106,138.3,15.3,1.5
R3-out-onerepaint-2,bench 20k,#111,out,2,16,4169,1,110,143,15.6,1.6
R3-out-onerepaint-2,bench 20k,#111,out,2,17,4169,1,95,124.4,14,1.4
R3-out-onerepaint-2,bench 20k,#111,out,2,18,4169,1,101,137.1,17,1.7
R3-out-onerepaint-2,bench 20k,#111,out,2,19,4169,1,102,131.7,14.8,2.4
R3-out-onerepaint-2,bench 20k,#111,out,2,20,4169,1,99,132,15.3,1.6
