label,build,second,nodes_drawn,renderer_cores,awake_share
F1-before,1.38.0,1,112,0.409,1
F1-before,1.38.0,2,112,0.5075,1
F1-before,1.38.0,3,112,0.4003,1
F1-before,1.38.0,4,112,0.4014,1
F1-before,1.38.0,5,112,0.3987,1
F1-before,1.38.0,6,112,0.3919,1
F1-before,1.38.0,7,112,0.3965,1
F1-before,1.38.0,8,112,0.3947,1
F1-before,1.38.0,9,112,0.3994,1
F1-before,1.38.0,10,112,0.4136,1
F1-before,1.38.0,11,112,0.4124,1
F1-before,1.38.0,12,112,0.398,1
F1-before,1.38.0,13,112,0.4026,1
F1-before,1.38.0,14,112,0.3973,1
F1-before,1.38.0,15,112,0.42,1
F1-before,1.38.0,16,112,0.4114,1
F1-before,1.38.0,17,112,0.3989,1
F1-before,1.38.0,18,112,0.4149,1
F1-before,1.38.0,19,112,0.4155,1
F1-before,1.38.0,20,112,0.4106,1
F1-off,Pulsar off,1,112,0.0719,0
F1-off,Pulsar off,2,112,0.0754,0
F1-off,Pulsar off,3,112,0.0735,0
F1-off,Pulsar off,4,112,0.07,0
F1-off,Pulsar off,5,112,0.0743,0
F1-off,Pulsar off,6,112,0.1469,0
F1-off,Pulsar off,7,112,0.0787,0
F1-off,Pulsar off,8,112,0.0785,0
F1-off,Pulsar off,9,112,0.0795,0
F1-off,Pulsar off,10,112,0.0738,0
F1-off,Pulsar off,11,112,0.0745,0
F1-off,Pulsar off,12,112,0.0729,0
F1-off,Pulsar off,13,112,0.0725,0
F1-off,Pulsar off,14,112,0.0722,0
F1-off,Pulsar off,15,112,0.0726,0
F1-off,Pulsar off,16,112,0.0748,0
F1-off,Pulsar off,17,112,0.0747,0
F1-off,Pulsar off,18,112,0.0724,0
F1-off,Pulsar off,19,112,0.0748,0
F1-off,Pulsar off,20,112,0.0709,0
F1-after,#108,1,112,0.0725,0
F1-after,#108,2,112,0.0728,0
F1-after,#108,3,112,0.0696,0
F1-after,#108,4,112,0.0702,0
F1-after,#108,5,112,0.0756,0
F1-after,#108,6,112,0.0719,0
F1-after,#108,7,112,0.0755,0
F1-after,#108,8,112,0.0742,0
F1-after,#108,9,112,0.0721,0
F1-after,#108,10,112,0.0707,0
F1-after,#108,11,112,0.141,0
F1-after,#108,12,112,0.0722,0
F1-after,#108,13,112,0.0737,0
F1-after,#108,14,112,0.0762,0
F1-after,#108,15,112,0.0739,0
F1-after,#108,16,112,0.0709,0
F1-after,#108,17,112,0.0712,0
F1-after,#108,18,112,0.0747,0
F1-after,#108,19,112,0.0731,0
F1-after,#108,20,112,0.0728,0
F1-after-replay,"#108, replay restarted",1,112,0.0732,0
F1-after-replay,"#108, replay restarted",2,112,0.1448,0
F1-after-replay,"#108, replay restarted",3,112,0.0722,0
F1-after-replay,"#108, replay restarted",4,112,0.0703,0
F1-after-replay,"#108, replay restarted",5,112,0.0756,0
F1-after-replay,"#108, replay restarted",6,112,0.0706,0
F1-after-replay,"#108, replay restarted",7,112,0.0724,0
F1-after-replay,"#108, replay restarted",8,112,0.0712,0
F1-after-replay,"#108, replay restarted",9,112,0.0728,0
F1-after-replay,"#108, replay restarted",10,112,0.0707,0
F1-after-replay,"#108, replay restarted",11,112,0.073,0
F1-after-replay,"#108, replay restarted",12,112,0.0705,0
F1-after-replay,"#108, replay restarted",13,112,0.0716,0
F1-after-replay,"#108, replay restarted",14,112,0.0709,0
F1-after-replay,"#108, replay restarted",15,112,0.072,0
