label,comparison,build,main_sha256,load,editors,calls,reconfigure_ms,restyle_from_properties_ms,restyle_pending_before_call_ms,restyle_pending_after_load_ms,total_ms,enable_ms
UO4-r138-12101,orders,1.38.0,f17fcba711f0077c452473802d02d0b589a21994cddf5f9e5775e2ef6183f79c,1,6,2,9.8,15.8,0,7.8,33.4,90.3
UO4-r138-12101,orders,1.38.0,f17fcba711f0077c452473802d02d0b589a21994cddf5f9e5775e2ef6183f79c,2,6,2,12.9,17.5,0,9.4,39.8,99.4
UO4-r138-12101,orders,1.38.0,f17fcba711f0077c452473802d02d0b589a21994cddf5f9e5775e2ef6183f79c,3,6,2,14.4,16.2,0.1,8.3,39,140.2
UO4-r138-12101,orders,1.38.0,f17fcba711f0077c452473802d02d0b589a21994cddf5f9e5775e2ef6183f79c,4,6,2,8.7,12.6,0.1,8.6,30,78
UO4-r138-12101,orders,1.38.0,f17fcba711f0077c452473802d02d0b589a21994cddf5f9e5775e2ef6183f79c,5,6,2,11.3,14.5,0,6.8,32.6,84.6
UO4-r138-12101,orders,1.38.0,f17fcba711f0077c452473802d02d0b589a21994cddf5f9e5775e2ef6183f79c,6,6,2,11.3,15.8,0,6.1,33.2,96.7
UO4-r138-12101,orders,1.38.0,f17fcba711f0077c452473802d02d0b589a21994cddf5f9e5775e2ef6183f79c,7,6,2,10.1,14.7,0,5.6,30.4,89
UO4-r138-12101,orders,1.38.0,f17fcba711f0077c452473802d02d0b589a21994cddf5f9e5775e2ef6183f79c,8,6,2,12.8,17.5,0.1,8,38.4,101.6
UO4-r138-12101,orders,1.38.0,f17fcba711f0077c452473802d02d0b589a21994cddf5f9e5775e2ef6183f79c,9,6,2,10.7,14.9,0,8.6,34.2,88.1
UO4-r138-12101,orders,1.38.0,f17fcba711f0077c452473802d02d0b589a21994cddf5f9e5775e2ef6183f79c,10,6,2,9.6,14.9,0.1,7.8,32.4,91.8
UO4-master-12101,orders,1.40.0 code path,a11ca5d3a142654297d4deb620587fcde249a2428a152536d189842e25e32db8,1,6,1,4.8,15.3,0,6.9,27,87.2
UO4-master-12101,orders,1.40.0 code path,a11ca5d3a142654297d4deb620587fcde249a2428a152536d189842e25e32db8,2,6,1,4.6,10.8,0,7.6,23,76.6
UO4-master-12101,orders,1.40.0 code path,a11ca5d3a142654297d4deb620587fcde249a2428a152536d189842e25e32db8,3,6,1,7.2,15.2,0.1,6.5,29,132.4
UO4-master-12101,orders,1.40.0 code path,a11ca5d3a142654297d4deb620587fcde249a2428a152536d189842e25e32db8,4,6,1,3.8,11.7,0,7.6,23.1,91.5
UO4-master-12101,orders,1.40.0 code path,a11ca5d3a142654297d4deb620587fcde249a2428a152536d189842e25e32db8,5,6,1,4.9,16.6,0,9.5,31,94.1
UO4-master-12101,orders,1.40.0 code path,a11ca5d3a142654297d4deb620587fcde249a2428a152536d189842e25e32db8,6,6,1,4.1,15.7,0,7,26.8,82.7
UO4-master-12101,orders,1.40.0 code path,a11ca5d3a142654297d4deb620587fcde249a2428a152536d189842e25e32db8,7,6,1,5.6,11.6,0,7.1,24.3,82.4
UO4-master-12101,orders,1.40.0 code path,a11ca5d3a142654297d4deb620587fcde249a2428a152536d189842e25e32db8,8,6,1,4.2,9.7,0,5.9,19.8,66.4
UO4-master-12101,orders,1.40.0 code path,a11ca5d3a142654297d4deb620587fcde249a2428a152536d189842e25e32db8,9,6,1,4.2,11.1,0,7.3,22.6,74.4
UO4-master-12101,orders,1.40.0 code path,a11ca5d3a142654297d4deb620587fcde249a2428a152536d189842e25e32db8,10,6,1,4,14.3,0,6.1,24.4,77.3
UO4-after-12101,orders,properties set after the call,63f3409a601f815a3ad9c5d7eccff7b19516730e318bac9a143c11e8be9c5e36,1,6,1,4,13,0,11.3,28.3,96.4
UO4-after-12101,orders,properties set after the call,63f3409a601f815a3ad9c5d7eccff7b19516730e318bac9a143c11e8be9c5e36,2,6,1,4.6,17.7,0.1,8.7,31.1,111.8
UO4-after-12101,orders,properties set after the call,63f3409a601f815a3ad9c5d7eccff7b19516730e318bac9a143c11e8be9c5e36,3,6,1,4.9,14.7,0.2,6.4,26.2,85.6
UO4-after-12101,orders,properties set after the call,63f3409a601f815a3ad9c5d7eccff7b19516730e318bac9a143c11e8be9c5e36,4,6,1,7.6,16.9,0,6.7,31.2,118.3
UO4-after-12101,orders,properties set after the call,63f3409a601f815a3ad9c5d7eccff7b19516730e318bac9a143c11e8be9c5e36,5,6,1,10.2,16.5,0.3,8.7,35.7,106.8
UO4-after-12101,orders,properties set after the call,63f3409a601f815a3ad9c5d7eccff7b19516730e318bac9a143c11e8be9c5e36,6,6,1,5,10.6,0,7.3,22.9,78.2
UO4-after-12101,orders,properties set after the call,63f3409a601f815a3ad9c5d7eccff7b19516730e318bac9a143c11e8be9c5e36,7,6,1,6.8,17.8,0,8.8,33.4,120.3
UO4-after-12101,orders,properties set after the call,63f3409a601f815a3ad9c5d7eccff7b19516730e318bac9a143c11e8be9c5e36,8,6,1,5.5,12.4,0.2,6.7,24.8,76.7
UO4-after-12101,orders,properties set after the call,63f3409a601f815a3ad9c5d7eccff7b19516730e318bac9a143c11e8be9c5e36,9,6,1,7.4,20.2,0,7,34.6,117.3
UO4-after-12101,orders,properties set after the call,63f3409a601f815a3ad9c5d7eccff7b19516730e318bac9a143c11e8be9c5e36,10,6,1,4.7,12.1,0.2,8.8,25.8,75.5
UO4-master-25966,fix,before #125,a11ca5d3a142654297d4deb620587fcde249a2428a152536d189842e25e32db8,1,6,1,4.6,11.7,0,2.8,19.1,62.3
UO4-master-25966,fix,before #125,a11ca5d3a142654297d4deb620587fcde249a2428a152536d189842e25e32db8,2,6,1,3.9,10.6,0,3.7,18.2,55.8
UO4-master-25966,fix,before #125,a11ca5d3a142654297d4deb620587fcde249a2428a152536d189842e25e32db8,3,6,1,4.2,12.2,0,5.3,21.7,66.4
UO4-master-25966,fix,before #125,a11ca5d3a142654297d4deb620587fcde249a2428a152536d189842e25e32db8,4,6,1,3.5,11.4,0,4.2,19.1,64.4
UO4-master-25966,fix,before #125,a11ca5d3a142654297d4deb620587fcde249a2428a152536d189842e25e32db8,5,6,1,6.9,14.5,0,4.3,25.7,74.8
UO4-master-25966,fix,before #125,a11ca5d3a142654297d4deb620587fcde249a2428a152536d189842e25e32db8,6,6,1,4.4,9.1,0,3.7,17.2,52.1
UO4-master-25966,fix,before #125,a11ca5d3a142654297d4deb620587fcde249a2428a152536d189842e25e32db8,7,6,1,4.1,10.7,0,4.6,19.4,57.7
UO4-master-25966,fix,before #125,a11ca5d3a142654297d4deb620587fcde249a2428a152536d189842e25e32db8,8,6,1,4.5,10.6,0,4.1,19.2,59.1
UO4-master-25966,fix,before #125,a11ca5d3a142654297d4deb620587fcde249a2428a152536d189842e25e32db8,9,6,1,4.4,10.8,0,3.9,19.1,57.8
UO4-master-25966,fix,before #125,a11ca5d3a142654297d4deb620587fcde249a2428a152536d189842e25e32db8,10,6,1,4.4,13.5,0,4.8,22.7,73.5
UO4-scope-25966,fix,1.41.0 (#125),c9973f81df43676b0c77666b8a170c35d72d006f37e4f6068f6aa4a86d75d59e,1,6,1,5.2,0,0,4,9.2,65.8
UO4-scope-25966,fix,1.41.0 (#125),c9973f81df43676b0c77666b8a170c35d72d006f37e4f6068f6aa4a86d75d59e,2,6,1,4.7,0,0.5,3.9,9.1,61
UO4-scope-25966,fix,1.41.0 (#125),c9973f81df43676b0c77666b8a170c35d72d006f37e4f6068f6aa4a86d75d59e,3,6,1,5.6,0,0,3.9,9.5,107.7
UO4-scope-25966,fix,1.41.0 (#125),c9973f81df43676b0c77666b8a170c35d72d006f37e4f6068f6aa4a86d75d59e,4,6,1,4,0,0,3.8,7.8,54.7
UO4-scope-25966,fix,1.41.0 (#125),c9973f81df43676b0c77666b8a170c35d72d006f37e4f6068f6aa4a86d75d59e,5,6,1,6.5,0,0.6,5.2,12.3,61.2
UO4-scope-25966,fix,1.41.0 (#125),c9973f81df43676b0c77666b8a170c35d72d006f37e4f6068f6aa4a86d75d59e,6,6,1,4.1,0,0.3,3.7,8.1,51.3
UO4-scope-25966,fix,1.41.0 (#125),c9973f81df43676b0c77666b8a170c35d72d006f37e4f6068f6aa4a86d75d59e,7,6,1,5,0,0,3.3,8.3,96.8
UO4-scope-25966,fix,1.41.0 (#125),c9973f81df43676b0c77666b8a170c35d72d006f37e4f6068f6aa4a86d75d59e,8,6,1,4.9,0,0.4,3.8,9.1,48.5
UO4-scope-25966,fix,1.41.0 (#125),c9973f81df43676b0c77666b8a170c35d72d006f37e4f6068f6aa4a86d75d59e,9,6,1,4.1,0,0,3.6,7.7,50.6
UO4-scope-25966,fix,1.41.0 (#125),c9973f81df43676b0c77666b8a170c35d72d006f37e4f6068f6aa4a86d75d59e,10,6,1,4.1,0,0,3.5,7.6,52.5
